Event ID,event_name,venue_id,event_url,image_url,startDate,startTime,genre_id,subgenre_id,min_price,max_price
LvZ18_kVUmz5OA8ZO4DXY,Spotlight: G Flip,KovZpZAJvlnA,https://www.universe.com/events/spotlight-g-flip-tickets-P8FC9D?ref=ticketmaster,https://s1.ticketm.net/dam/a/56a/a2b354e0-e294-4533-997a-ff30ad96356a_TABLET_LANDSCAPE_16_9.jpg,2023-06-26,19:30:00,KnvZfZ7vAeA,KZazBEonSMnZfZ7v6F1,,
vvG10Z9PF3gzL_,"Grandson & K.Flay Present: I Love You, I'm Trying Tour",KovZpZAEAl6A,https://concerts.livenation.com/grandson-kflay-present-i-love-you-los-angeles-california-06-27-2023/event/09005E5212D787D9,https://s1.ticketm.net/dam/a/b67/55b92944-5522-4f20-b4da-1281a6529b67_SOURCE,2023-06-27,18:00:00,KnvZfZ7vAeA,KZazBEonSMnZfZ7v6dt,32.0,39.5
Z7r9jZ1AdOs1K,Catie Turner,ZFr9jZeFAd,https://www.ticketmaster.com/event/Z7r9jZ1AdOs1K,https://s1.ticketm.net/dam/c/060/c5c08e7a-9912-456c-a060-2758be94e060_105881_RECOMENDATION_16_9.jpg,2023-06-27,19:00:00,KnvZfZ7vAvl,KZazBEonSMnZfZ7vk1I,,
vvG10Z9NlLdMDP,TARJA:  Living the Dream Tour,KovZpZAJvttA,https://concerts.livenation.com/tarja-living-the-dream-tour-los-angeles-california-06-27-2023/event/09005E3ADF0F7EE5,https://s1.ticketm.net/dam/a/f5b/d1324177-740c-45e5-9e2e-d0b74ac3cf5b_1866451_TABLET_LANDSCAPE_3_2.jpg,2023-06-27,19:00:00,KnvZfZ7vAvt,KZazBEonSMnZfZ7vaJ6,35.0,35.0
vvG10Z9i9bsNKu,Moorea Masa & The Mood,KovZ917AJ5H,https://www.ticketmaster.com/moorea-masa-the-mood-los-angeles-california-06-27-2023/event/09005EC5D8C634CD,https://s1.ticketm.net/dam/e/dd5/d7593727-e1cd-4354-a8eb-11e21a1ecdd5_RETINA_LANDSCAPE_16_9.jpg,2023-06-27,19:00:00,KnvZfZ7vAee,KZazBEonSMnZfZ7vknE,15.0,15.0
vvG10Z9nTZQKC_,New Hope Club,KovZ917AGff,https://concerts.livenation.com/new-hope-club-santa-ana-california-06-27-2023/event/09005EAFC0693399,https://s1.ticketm.net/dam/a/c69/0382b592-1a45-4453-a4ea-96b3195c2c69_TABLET_LANDSCAPE_3_2.jpg,2023-06-27,19:00:00,KnvZfZ7vAeA,KZazBEonSMnZfZ7v6F1,20.0,20.0
LvZ18_6zWKLypkOZi8Jmr,An Evening With Ivan Neville,KovZpZAJvlnA,https://www.universe.com/events/an-evening-with-ivan-neville-tickets-J52ZGT?ref=ticketmaster,https://s1.ticketm.net/dam/c/fbc/b293c0ad-c904-4215-bc59-8d7f2414dfbc_106141_RETINA_PORTRAIT_16_9.jpg,2023-06-27,19:30:00,KnvZfZ7vAeA,KZazBEonSMnZfZ7v6F1,,
vvG10Z9lGGoyxl,"Sean Healy Presents: Deante Hitchcock with Kwame Adu, and DYVE",KovZ917A967,https://concerts.livenation.com/sean-healy-presents-deante-hitchcock-with-los-angeles-california-06-27-2023/event/09005EB30C4798AB,https://s1.ticketm.net/dam/a/951/63bea9b1-e0a5-4335-92fe-2c5d2ef51951_TABLET_LANDSCAPE_16_9.jpg,2023-06-27,19:30:00,KnvZfZ7vAv1,KZazBEonSMnZfZ7vaa1,18.0,18.0
vvG10Z9JB1Dv8u,Bonzie,KovZ917AJ5H,https://www.ticketmaster.com/bonzie-los-angeles-california-06-28-2023/event/09005E6E8AEC140D,https://s1.ticketm.net/dam/e/07c/c10dd7ee-53a9-48f2-89c5-c7aedf72407c_TABLET_LANDSCAPE_LARGE_16_9.jpg,2023-06-28,18:00:00,KnvZfZ7vAeA,KZazBEonSMnZfZ7v6dt,10.0,10.0
Z7r9jZ1Adxf89,Tenille Arts,ZFr9jZeFAd,https://www.ticketmaster.com/event/Z7r9jZ1Adxf89,https://s1.ticketm.net/dam/c/060/c5c08e7a-9912-456c-a060-2758be94e060_105881_RECOMENDATION_16_9.jpg,2023-06-28,19:00:00,KnvZfZ7vAvl,KZazBEonSMnZfZ7vk1I,,
vvG10Z9I9hTSaj,Bashfortheworld,KovZ917AGff,https://concerts.livenation.com/bashfortheworld-santa-ana-california-06-28-2023/event/09005E85DBFF325C,https://s1.ticketm.net/dbimages/465623a.jpg,2023-06-28,19:00:00,KnvZfZ7vAv1,KZazBEonSMnZfZ7vaa1,30.0,30.0
vvG10Z9lXxjwT9,"Tchotchke with The Umbrellas, and Uni Boys",KovZ917A967,https://concerts.livenation.com/tchotchke-with-the-umbrellas-and-uni-los-angeles-california-06-28-2023/event/09005EBFA2732FD7,https://s1.ticketm.net/dam/a/a13/d45a6ffb-72fd-4eaa-bac2-9f808e009a13_TABLET_LANDSCAPE_LARGE_16_9.jpg,2023-06-28,19:00:00,KnvZfZ7vAeA,KZazBEonSMnZfZ7v6dt,16.0,16.0
vvG10Z9lL3706t,Yella Beezy,KovZpZAF6JkA,https://concerts.livenation.com/yella-beezy-santa-ana-california-06-28-2023/event/09005EB7D21241E9,https://s1.ticketm.net/dam/a/9ad/996ca3b0-787e-4ad1-b76a-c92f08cd69ad_981291_RETINA_PORTRAIT_16_9.jpg,2023-06-28,19:30:00,KnvZfZ7vAv1,KZazBEonSMnZfZ7vaa1,30.0,30.0
vvG10Z9nEcbkH9,Jack & Jack with Sammy Wilk,KovZ917A2k0,https://www.ticketmaster.com/jack-jack-with-sammy-wilk-los-angeles-california-06-28-2023/event/09005EA9ED606F17,https://s1.ticketm.net/dam/a/d0c/653da32c-8174-40f2-982a-2fdce2d57d0c_885201_TABLET_LANDSCAPE_3_2.jpg,2023-06-28,19:30:00,KnvZfZ7vAeA,KZazBEonSMnZfZ7v6F1,20.0,20.0
Z7r9jZ1Ad-JJf,Lyn Lapid,ZFr9jZeA6a,https://www.ticketmaster.com/event/Z7r9jZ1Ad-JJf,https://s1.ticketm.net/dam/c/060/c5c08e7a-9912-456c-a060-2758be94e060_105881_RECOMENDATION_16_9.jpg,2023-06-28,20:00:00,KnvZfZ7vAvl,KZazBEonSMnZfZ7vk1I,,
Z7r9jZ1Ad-OoY,Jonathan McReynolds,ZFr9jZ1a16,https://www.ticketmaster.com/event/Z7r9jZ1Ad-OoY,https://s1.ticketm.net/dam/a/d16/241734c6-9c6c-44c1-abc0-ffdfb3bf9d16_RECOMENDATION_16_9.jpg,2023-06-28,20:00:00,KnvZfZ7vAvl,KZazBEonSMnZfZ7vk1I,,
vvG1IZ9P9W8d_l,Logic: The College Park Tour with special guest Juicy J,KovZ917AJue,https://www.ticketmaster.com/logic-the-college-park-tour-with-inglewood-california-06-28-2023/event/0A005E55FD40366B,https://s1.ticketm.net/dam/a/01f/43eb9158-f8f4-4953-88b1-ec71ec33a01f_RECOMENDATION_16_9.jpg,2023-06-28,20:00:00,KnvZfZ7vAv1,KZazBEonSMnZfZ7vaa1,39.5,79.5
vvG10Z9l69LU_I,D Savage,KovZpZAF6JkA,https://concerts.livenation.com/d-savage-santa-ana-california-06-29-2023/event/09005EB1D77F6668,https://s1.ticketm.net/dam/a/49e/a409af29-d0b2-40e1-9295-8c9e0dd7b49e_1661141_EVENT_DETAIL_PAGE_16_9.jpg,2023-06-29,19:00:00,KnvZfZ7vAv1,KZazBEonSMnZfZ7vaa1,50.0,50.0
vvG10Z9lkik7UF,Rich The Kid,KovZpZAEA67A,https://concerts.livenation.com/rich-the-kid-anaheim-california-06-29-2023/event/09005EB1AC184D88,https://s1.ticketm.net/dam/a/21e/87bcd743-3b49-4b85-8d17-942a8934821e_1181601_RETINA_PORTRAIT_3_2.jpg,2023-06-29,19:00:00,KnvZfZ7vAv1,KZazBEonSMnZfZ7vaa1,35.0,35.0
vvG10Z9nSc6UJZ,Dylan Conrique with OSTON,KovZ917A967,https://concerts.livenation.com/dylan-conrique-with-oston-los-angeles-california-06-29-2023/event/09005EACED1F6980,https://s1.ticketm.net/dam/a/dda/7107f21f-42cd-40f6-9ee8-6af103815dda_EVENT_DETAIL_PAGE_16_9.jpg,2023-06-29,19:00:00,KnvZfZ7vAev,KZazBEonSMnZfZ7vk1t,22.5,22.5
vvG10Z9J5XkATB,Desert Daze Presents: Protomartyr,KovZ917AGff,https://concerts.livenation.com/desert-daze-presents-protomartyr-santa-ana-california-06-29-2023/event/09005E62FE185FFA,https://s1.ticketm.net/dam/a/c7f/6ffc93e8-59bc-4a15-b6b7-1f80ccd4ac7f_RETINA_PORTRAIT_16_9.jpg,2023-06-29,19:30:00,KnvZfZ7vAeA,KZazBEonSMnZfZ7v6F1,22.0,22.0
vvG10Z9lSQMSdl,Jack & Jack with Sammy Wilk,KovZ917A2k0,https://www.ticketmaster.com/jack-jack-with-sammy-wilk-los-angeles-california-06-29-2023/event/09005EBCDADF30EB,https://s1.ticketm.net/dam/a/d0c/653da32c-8174-40f2-982a-2fdce2d57d0c_885201_TABLET_LANDSCAPE_3_2.jpg,2023-06-29,19:30:00,KnvZfZ7vAeA,KZazBEonSMnZfZ7v6F1,20.0,20.0
vvG10Z9n1rWowc,The Backyard By Stater Bros Presents Harlis Sweetwater,KovZpZAkEFlA,https://www.ticketmaster.com/the-backyard-by-stater-bros-presents-ontario-california-06-29-2023/event/09005EA29EF51CAD,https://s1.ticketm.net/dam/c/fbc/b293c0ad-c904-4215-bc59-8d7f2414dfbc_106141_RETINA_PORTRAIT_16_9.jpg,2023-06-29,19:30:00,KnvZfZ7vAeA,KZazBEonSMnZfZ7v6F1,9.75,9.75
Z7r9jZ1AdOV3A,New Kids on the Block,ZFr9jZAvFe,https://www.ticketmaster.com/event/Z7r9jZ1AdOV3A,https://s1.ticketm.net/dam/a/ed9/589ace16-b078-4b54-92f1-f8a873a0fed9_CUSTOM.jpg,2023-06-29,20:00:00,KnvZfZ7vAev,KZazBEonSMnZfZ7vkEl,,
Z7r9jZ1Adx6-P,Young Nudy,ZFr9jZ6dAF,https://www.ticketmaster.com/event/Z7r9jZ1Adx6-P,https://s1.ticketm.net/dam/a/89c/069da438-d009-4912-9458-c2e29eb2b89c_ARTIST_PAGE_3_2.jpg,2023-06-29,20:00:00,KnvZfZ7vAvl,KZazBEonSMnZfZ7vk1I,,
Z7r9jZ1AdxeQe,Noche de Verano Sin Ti: Bad Bunny Dance Party,ZFr9jZeA6a,https://www.ticketmaster.com/event/Z7r9jZ1AdxeQe,https://s1.ticketm.net/dam/c/060/c5c08e7a-9912-456c-a060-2758be94e060_105881_RECOMENDATION_16_9.jpg,2023-06-29,20:00:00,KnvZfZ7vAvl,KZazBEonSMnZfZ7vk1I,,
G5e0Z9_c9tYMI,Copper Blues Oxnard Latin Night,KovZpZAkldvA,https://www.ticketweb.com/event/copper-blues-oxnard-latin-night-copper-blues-oxnard-restaurant-tickets/12796995?REFERRAL_ID=tmfeed,https://s1.ticketm.net/dam/c/548/5fefbd1c-973b-4b0e-9b2e-d78e4ce37548_106111_EVENT_DETAIL_PAGE_16_9.jpg,2023-06-29,21:00:00,KnvZfZ7vAeF,KZazBEonSMnZfZ7v6Jt,,
vvG10Z9IKj-eSo,THICK,KovZ917AJ5H,https://www.ticketmaster.com/thick-los-angeles-california-06-29-2023/event/09005E84DC842CD1,https://s1.ticketm.net/dam/a/190/ade2977a-da05-4bee-899d-80514e2b5190_1718821_ARTIST_PAGE_3_2.jpg,2023-06-29,21:30:00,KnvZfZ7vAeA,KZazBEonSMnZfZ7v6a6,15.0,15.0
vvG10Z9c22-elN,Be In A Band or Die: Tender Misfit,KovZ917AJ5H,https://www.ticketmaster.com/be-in-a-band-or-die-los-angeles-california-06-30-2023/event/09005ED3CF842AE3,https://s1.ticketm.net/dam/e/0b1/f6e7ab99-8aca-4fb3-a8ec-6388b3dfe0b1_RETINA_LANDSCAPE_16_9.jpg,2023-06-30,18:30:00,KnvZfZ7vAeA,KZazBEonSMnZfZ7v6dt,12.0,12.0
G5e0Z9lFbG3nc,Brittany and the B Sides,KovZpZAkldvA,https://www.ticketweb.com/event/brittany-and-the-b-sides-copper-blues-oxnard-restaurant-tickets/13249808?REFERRAL_ID=tmfeed,https://s1.ticketm.net/dam/c/060/c5c08e7a-9912-456c-a060-2758be94e060_105881_RECOMENDATION_16_9.jpg,2023-06-30,19:00:00,KnvZfZ7vAvl,KZazBEonSMnZfZ7vk1I,,
Z7r9jZ1Ad-_aO,The Long Run,Z6r9jZ1eFe,https://www.ticketmaster.com/event/Z7r9jZ1Ad-_aO,https://s1.ticketm.net/dam/c/ab4/6367448e-7474-4650-bd2d-02a8f7166ab4_106161_RECOMENDATION_16_9.jpg,2023-06-30,19:00:00,KnvZfZ7vAeA,KZazBEonSMnZfZ7v6A7,,
Z7r9jZ1AdQeb9,Louis Tomlinson,Z6r9jZF7Fe,https://www.ticketmaster.com/event/Z7r9jZ1AdQeb9,https://s1.ticketm.net/dam/a/9fc/445b0a8f-bb70-4ef2-8921-8a3ae24669fc_1833171_RECOMENDATION_16_9.jpg,2023-06-30,19:00:00,KnvZfZ7vAvl,KZazBEonSMnZfZ7vk1I,,
vvG10Z9E88g4iD,Punk Rock Karaoke,KovZ917AGff,https://concerts.livenation.com/punk-rock-karaoke-santa-ana-california-06-30-2023/event/09005E7410D55B3B,https://s1.ticketm.net/dam/a/bd6/0f369687-846b-4b72-b48f-622c464ffbd6_TABLET_LANDSCAPE_3_2.jpg,2023-06-30,19:00:00,KnvZfZ7vAeA,KZazBEonSMnZfZ7v6dt,13.0,13.0
vvG10Z9EvoZUoC,"Vs Self, lagrimas, Urns & Argyles and CENÖBITE at THE ECHO -- SOLD OUT",KovZ917A967,https://concerts.livenation.com/vs-self-lagrimas-urns-argyles-and-los-angeles-california-06-30-2023/event/09005E705103644E,https://s1.ticketm.net/dam/a/076/2417492c-c856-496c-97a6-d7258e308076_RETINA_LANDSCAPE_16_9.jpg,2023-06-30,19:00:00,KnvZfZ7vAeA,KZazBEonSMnZfZ7v6dt,14.0,14.0
vvG10Z9PewWeDy,Bebe Rexha - Best F'n Night Of My Life,KovZpZAEAl6A,https://concerts.livenation.com/bebe-rexha-best-fn-night-of-los-angeles-california-06-30-2023/event/09005E50B2F42EF9,https://s1.ticketm.net/dam/a/449/ca5c66c6-9bf5-46d4-845b-875663272449_ARTIST_PAGE_3_2.jpg,2023-06-30,19:00:00,KnvZfZ7vAeA,KZazBEonSMnZfZ7v6F1,35.0,49.5
vvG10Z9iwSyo2t,D Savage,KovZpZAF6JkA,https://concerts.livenation.com/d-savage-santa-ana-california-06-30-2023/event/09005ECCB3E513E9,https://s1.ticketm.net/dam/a/49e/a409af29-d0b2-40e1-9295-8c9e0dd7b49e_1661141_EVENT_DETAIL_PAGE_16_9.jpg,2023-06-30,19:00:00,KnvZfZ7vAv1,KZazBEonSMnZfZ7vaa1,25.0,45.0
LvZ18bT42KKwhoOZ-Y0Ps,Cheers to the Weekend w/ Redneck Rodeo & American Mile,KovZ917AtIz,https://www.universe.com/events/cheers-to-the-weekend-w-redneck-rodeo-american-mile-tickets-LQ49MF?ref=ticketmaster,https://s1.ticketm.net/dam/c/fbc/b293c0ad-c904-4215-bc59-8d7f2414dfbc_106141_RETINA_PORTRAIT_16_9.jpg,2023-06-30,20:00:00,KnvZfZ7vAeA,KZazBEonSMnZfZ7v61J,,
Z7r9jZ1Adraeb,New Kids on the Block,ZFr9jZAvFe,https://www.ticketmaster.com/event/Z7r9jZ1Adraeb,https://s1.ticketm.net/dam/a/ed9/589ace16-b078-4b54-92f1-f8a873a0fed9_CUSTOM.jpg,2023-06-30,20:00:00,KnvZfZ7vAev,KZazBEonSMnZfZ7vkEl,,
Z7r9jZ1AdxdeZ,Ginger Root,ZFr9jZ6dAF,https://www.ticketmaster.com/event/Z7r9jZ1AdxdeZ,https://s1.ticketm.net/dam/c/060/c5c08e7a-9912-456c-a060-2758be94e060_105881_RECOMENDATION_16_9.jpg,2023-06-30,20:00:00,KnvZfZ7vAvl,KZazBEonSMnZfZ7vk1I,,
vvG10Z9ESxHPo6,Randy Houser,KovZpZA77elA,https://www.ticketmaster.com/randy-houser-paso-robles-california-06-30-2023/event/09005E7CE2F25447,https://s1.ticketm.net/dam/a/9ea/c64c8814-3c09-4a83-bb27-b9b658e739ea_1235581_EVENT_DETAIL_PAGE_16_9.jpg,2023-06-30,20:00:00,KnvZfZ7vAv6,KZazBEonSMnZfZ7vAFa,40.0,57.5
vvG10Z9ICN--7c,Juelz,KovZpZAEvnFA,https://www.ticketmaster.com/juelz-los-angeles-california-06-30-2023/event/09005E83A386112D,https://s1.ticketm.net/dam/e/674/5b39e74b-67f8-4b4b-b418-6bb16f182674_EVENT_DETAIL_PAGE_16_9.jpg,2023-06-30,20:00:00,KnvZfZ7vAvF,KZazBEonSMnZfZ7va1k,15.0,15.0
vvG1IZ90JH9fw9,Psycho Presents: Emperor w/ Mäleficentt,KovZ917AJue,https://www.ticketmaster.com/psycho-presents-emperor-w-maleficentt-inglewood-california-06-30-2023/event/0A005E49BC5D4C97,https://s1.ticketm.net/dam/a/75c/c94c87a9-b08b-4084-973a-4e42e051d75c_CUSTOM.jpg,2023-06-30,20:00:00,KnvZfZ7vAvt,KZazBEonSMnZfZ7vaJ6,40.0,179.5
Z7r9jZ1Ad-Jp6,Paul Thorn,ZFr9jZFAaF,https://www.ticketmaster.com/event/Z7r9jZ1Ad-Jp6,https://s1.ticketm.net/dam/a/30c/d9272777-e8e2-4766-8863-040eaa9a130c_809801_RETINA_PORTRAIT_16_9.jpg,2023-06-30,20:30:00,KnvZfZ7vAvl,KZazBEonSMnZfZ7vk1I,,
Z7r9jZ1AdOVbg,Jesse Malin,ZFr9jZeA6a,https://www.ticketmaster.com/event/Z7r9jZ1AdOVbg,https://s1.ticketm.net/dam/a/7e1/a0fba564-cd2b-4145-af18-50a1d2c4e7e1_RECOMENDATION_16_9.jpg,2023-06-30,21:00:00,KnvZfZ7vAvv,KZazBEonSMnZfZ7vAvn,,
vvG10Z9lDYrP_O,Club 90s Presents Fist Pump Fest (18+),KovZ917AGEf,https://concerts.livenation.com/club-90s-presents-fist-pump-fest-anaheim-california-06-30-2023/event/09005EBEF07A5660,https://s1.ticketm.net/dam/a/08f/dfb74e4a-95f6-46fd-bdb0-c699706e708f_1011401_TABLET_LANDSCAPE_LARGE_16_9.jpg,2023-06-30,21:00:00,KnvZfZ7vAev,KZazBEonSMnZfZ7vk1t,17.0,17.0
vvG10Z9nXW3N6L,Emo Night Brooklyn feat. special DJ Xowie Jones - 21+,KovZpa6OCe,https://concerts.livenation.com/emo-night-brooklyn-feat-special-dj-los-angeles-california-06-30-2023/event/09005EAFBD4A31DF,https://s1.ticketm.net/dam/a/bda/204a558e-2376-42c5-a169-37195950ebda_RETINA_LANDSCAPE_16_9.jpg,2023-06-30,21:00:00,KnvZfZ7vAeA,KZazBEonSMnZfZ7v6F1,22.0,22.0
vvG10Z9nYbcIqB,Flamingo Friday Pool Party,KovZpZAaaaEA,https://www.ticketmaster.com/flamingo-friday-pool-party-cabazon-california-06-30-2023/event/09005EAC18B6877A,https://s1.ticketm.net/dam/c/060/c5c08e7a-9912-456c-a060-2758be94e060_105881_RECOMENDATION_16_9.jpg,2023-06-30,21:00:00,KnvZfZ7vAvl,KZazBEonSMnZfZ7vk1I,25.0,25.0
G5e0Z9lFbGet0,DJ Honey,KovZpZAkldvA,https://www.ticketweb.com/event/dj-honey-copper-blues-oxnard-restaurant-tickets/13249818?REFERRAL_ID=tmfeed,https://s1.ticketm.net/dam/c/80b/f3cd8d24-c3ae-4fa0-b4bc-1ba99f9b380b_106091_RETINA_PORTRAIT_3_2.jpg,2023-06-30,21:30:00,KnvZfZ7vAv1,KZazBEonSMnZfZ7vaa1,,
vvG10Z9lYdZAkC,Grinch Rave: Christmas In June (18+ Only),KovZpZAJ6daA,https://www.ticketmaster.com/grinch-rave-christmas-in-june-18-los-angeles-california-06-30-2023/event/09005EBC0300518E,https://s1.ticketm.net/dam/c/060/c5c08e7a-9912-456c-a060-2758be94e060_105881_RECOMENDATION_16_9.jpg,2023-06-30,22:00:00,KnvZfZ7vAvl,KZazBEonSMnZfZ7vk1I,10.0,10.0
vvG1IZ9ExQpeJE,SVDDEN DEATH presents VOYD / 18+ ,KovZ917AiNY,https://www.ticketmaster.com/svdden-death-presents-voyd-18-los-angeles-california-07-01-2023/event/0A005E789A5829A7,https://s1.ticketm.net/dam/a/fe0/d182ebdd-f35f-49c0-ac03-c1f9b28d8fe0_1842761_CUSTOM.jpg,2023-07-01,17:30:00,KnvZfZ7vAvF,KZazBEonSMnZfZ7va1k,45.0,100.0
vvG1iZ9JOGJAai,Stephen Marley - Sister Nancy - Fortunate Youth - Arise Roots,KovZpZAF6EaA,https://www.ticketmaster.com/stephen-marley-sister-nancy-fortunate-youth-costa-mesa-california-07-01-2023/event/0B005E680C98526C,https://s1.ticketm.net/dam/a/2ce/ab980ff2-f9d1-459c-bd10-83205f5672ce_ARTIST_PAGE_3_2.jpg,2023-07-01,17:30:00,KnvZfZ7vAed,KZazBEonSMnZfZ7vknl,20.0,65.0
Z7r9jZ1Ad-EOY,Incendiary,Z7r9jZadbo,https://www.ticketmaster.com/event/Z7r9jZ1Ad-EOY,https://s1.ticketm.net/dam/c/060/c5c08e7a-9912-456c-a060-2758be94e060_105881_RECOMENDATION_16_9.jpg,2023-07-01,18:00:00,KnvZfZ7vAvl,KZazBEonSMnZfZ7vk1I,,
vvG10Z9nSqiAXS,"Red Store Bums w/Special Guests: Out Of Control Army, Raskahuele +More",KovZpZAJ6daA,https://www.ticketmaster.com/red-store-bums-wspecial-guests-out-los-angeles-california-07-01-2023/event/09005EACDDB05FB3,https://s1.ticketm.net/dam/a/67d/258b5c6f-0e2b-42ce-8c41-e8cff730667d_TABLET_LANDSCAPE_3_2.jpg,2023-07-01,18:00:00,KnvZfZ7vAeA,KZazBEonSMnZfZ7v6F1,27.5,27.5
vvG10Z9Jkm7wf-,Pierce The Veil & The Used: Creative Control Tour,KovZ917A8gf,https://concerts.livenation.com/pierce-the-veil-the-used-creative-irvine-california-07-01-2023/event/09005E61AE132521,https://s1.ticketm.net/dam/a/b60/37a6aef6-f81b-4f56-8935-ffbdb364ab60_TABLET_LANDSCAPE_LARGE_16_9.jpg,2023-07-01,18:30:00,KnvZfZ7vAeA,KZazBEonSMnZfZ7v6a6,50.5,90.5
vvG10Z9nNYwVSR,Holdfast,KovZ917AJ5H,https://www.ticketmaster.com/holdfast-los-angeles-california-07-01-2023/event/09005EA8F0CB4CEF,https://s1.ticketm.net/dam/a/b0f/8d8c2718-6185-4327-be4d-07ebb5dbcb0f_1760931_RETINA_PORTRAIT_3_2.jpg,2023-07-01,18:30:00,KnvZfZ7vAeA,KZazBEonSMnZfZ7v6dt,12.0,12.0
LvZ18_FmwDklwMYZLPm_H,Juniper Honey plays OC Tavern!,KovZpZAJFknA,https://www.universe.com/events/juniper-honey-plays-oc-tavern-tickets-0V42LQ?ref=ticketmaster,https://s1.ticketm.net/dam/a/a9b/a63c5c1f-f291-43ba-a94c-c8841c673a9b_172731_TABLET_LANDSCAPE_3_2.jpg,2023-07-01,19:00:00,KnvZfZ7vAeA,KZazBEonSMnZfZ7v6dt,,
vvG10Z90EwQ90p,Psycho Presents: Emperor,KovZpZAEA67A,https://concerts.livenation.com/psycho-presents-emperor-anaheim-california-07-01-2023/event/09005E49F2697916,https://s1.ticketm.net/dam/a/75c/c94c87a9-b08b-4084-973a-4e42e051d75c_CUSTOM.jpg,2023-07-01,19:00:00,KnvZfZ7vAvt,KZazBEonSMnZfZ7vaJ6,91.5,91.5
vvG10Z9IBOwsPy,Breaking Sound 07/01/2023 At The Peppermint Club,KovZ917A2k0,https://www.ticketmaster.com/breaking-sound-07012023-at-the-peppermint-los-angeles-california-07-01-2023/event/09005E8EA0CB1979,https://s1.ticketm.net/dam/a/937/e2defe43-ee1c-4520-8f96-015b51e74937_1623471_TABLET_LANDSCAPE_3_2.jpg,2023-07-01,19:00:00,KnvZfZ7vAeA,KZazBEonSMnZfZ7v6F1,20.0,20.0
vvG10Z9PeX4S-l,Bebe Rexha - Best F'n Night Of My Life,KovZpZAEAl6A,https://concerts.livenation.com/bebe-rexha-best-fn-night-of-los-angeles-california-07-01-2023/event/09005E50BE57386B,https://s1.ticketm.net/dam/a/449/ca5c66c6-9bf5-46d4-845b-875663272449_ARTIST_PAGE_3_2.jpg,2023-07-01,19:00:00,KnvZfZ7vAeA,KZazBEonSMnZfZ7v6F1,35.0,49.5
vvG10Z9lGZHyAq,Los Gemelos de Sinaloa - Bueno y El Malo Tour 2023,KovZpZAF6JkA,https://concerts.livenation.com/los-gemelos-de-sinaloa-bueno-y-santa-ana-california-07-01-2023/event/09005EB300F3915D,https://s1.ticketm.net/dam/a/6b7/dcba68bb-f2f0-4fb2-8f97-b52d3f6916b7_EVENT_DETAIL_PAGE_16_9.jpg,2023-07-01,19:00:00,KnvZfZ7vAJ6,KZazBEonSMnZfZ7va1a,99.0,150.0
LvZ18_aaFpDLpdYZiZqSV,Rockstallion,KovZ917AtIz,https://www.universe.com/events/rockstallion-tickets-3L8SJM?ref=ticketmaster,https://s1.ticketm.net/dam/c/fbc/b293c0ad-c904-4215-bc59-8d7f2414dfbc_106141_RETINA_PORTRAIT_16_9.jpg,2023-07-01,20:00:00,KnvZfZ7vAeA,KZazBEonSMnZfZ7v6da,,
Z7r9jZ1Ad-zbt,Cracker,ZFr9jZFAaF,https://www.ticketmaster.com/event/Z7r9jZ1Ad-zbt,https://s1.ticketm.net/dam/a/1d7/a193bf24-e8c9-407e-b5ac-be1fe985b1d7_167661_RETINA_LANDSCAPE_16_9.jpg,2023-07-01,20:00:00,KnvZfZ7vAvv,KZazBEonSMnZfZ7vAvn,,
Z7r9jZ1AdOovx,YYNOT,Z7r9jZadwd,https://www.ticketmaster.com/event/Z7r9jZ1AdOovx,https://s1.ticketm.net/dam/c/060/c5c08e7a-9912-456c-a060-2758be94e060_105881_RECOMENDATION_16_9.jpg,2023-07-01,20:00:00,KnvZfZ7vAvl,KZazBEonSMnZfZ7vk1I,,
vvG10Z9EgobpSg,"LustSickPuppy with JOHNNASCUS, and Demi Yo Ko",KovZ917A967,https://concerts.livenation.com/lustsickpuppy-with-johnnascus-and-demi-yo-los-angeles-california-07-01-2023/event/09005E7D51616CF5,https://s1.ticketm.net/dam/a/a39/6324f54a-80dd-4b8c-83de-9c173adc8a39_TABLET_LANDSCAPE_3_2.jpg,2023-07-01,20:00:00,KnvZfZ7vAvF,KZazBEonSMnZfZ7va1k,18.0,18.0
vvG10Z9JToT7NW,Jesse Malin,KovZ917AGff,https://concerts.livenation.com/jesse-malin-santa-ana-california-07-01-2023/event/09005E6FD1FC48FD,https://s1.ticketm.net/dam/a/7e1/a0fba564-cd2b-4145-af18-50a1d2c4e7e1_RECOMENDATION_16_9.jpg,2023-07-01,20:00:00,KnvZfZ7vAeA,KZazBEonSMnZfZ7v6dt,20.0,20.0
vvG10Z9PQSqxfT,Senpai Squad presents Fire & Ice 2023,KovZpZAJ6daA,https://www.ticketmaster.com/senpai-squad-presents-fire-ice-2023-los-angeles-california-07-01-2023/event/09005E56B376253F,https://s1.ticketm.net/dam/a/a63/6af26e51-d8e4-4165-9949-ba2b5460fa63_1716831_RECOMENDATION_16_9.jpg,2023-07-01,20:00:00,KnvZfZ7vAvF,KZazBEonSMnZfZ7va1k,35.0,35.0
vvG10Z9PhaKSdV,2 DAY: Senpai Squad presents Fire & Ice 2023,KovZpZAJ6daA,https://www.ticketmaster.com/2-day-senpai-squad-presents-fire-los-angeles-california-07-01-2023/event/09005E56C94F30F4,https://s1.ticketm.net/dam/a/a63/6af26e51-d8e4-4165-9949-ba2b5460fa63_1716831_RECOMENDATION_16_9.jpg,2023-07-01,20:00:00,KnvZfZ7vAvF,KZazBEonSMnZfZ7va1k,59.0,59.0
vvG10Z9oN5N67j,2 DAY: Senpai Squad presents Fire & Ice 2023,KovZpZAJvttA,https://concerts.livenation.com/2-day-senpai-squad-presents-fire-los-angeles-california-07-01-2023/event/09005D18CB8C711C,https://s1.ticketm.net/dam/a/a63/6af26e51-d8e4-4165-9949-ba2b5460fa63_1716831_RECOMENDATION_16_9.jpg,2023-07-01,20:00:00,KnvZfZ7vAvF,KZazBEonSMnZfZ7va1k,56.5,72.5
vvG10Z9oNvTJUy,Senpai Squad presents Fire & Ice 2023,KovZpZAJvttA,https://concerts.livenation.com/senpai-squad-presents-fire-ice-2023-los-angeles-california-07-01-2023/event/09005D18C1FE6DB9,https://s1.ticketm.net/dam/a/a63/6af26e51-d8e4-4165-9949-ba2b5460fa63_1716831_RECOMENDATION_16_9.jpg,2023-07-01,20:00:00,KnvZfZ7vAvF,KZazBEonSMnZfZ7va1k,32.5,72.5
vvG10Z9oNvXUUM,Senpai Squad presents Fire & Ice 2023- MOVED TO REGENT THEATER 7/2/23!,KovZpZAJvttA,https://concerts.livenation.com/senpai-squad-presents-fire-ice-2023-los-angeles-california-07-01-2023/event/09005D18C1FB6DB7,https://s1.ticketm.net/dam/a/a63/6af26e51-d8e4-4165-9949-ba2b5460fa63_1716831_RECOMENDATION_16_9.jpg,2023-07-01,20:00:00,KnvZfZ7vAvF,KZazBEonSMnZfZ7va1k,32.5,72.5
vvG10Z9nSUPkDN,PKMN Rave with CAM GIRL and Matt Bennett,KovZpa6OCe,https://concerts.livenation.com/pkmn-rave-with-cam-girl-and-los-angeles-california-07-01-2023/event/09005EACF6946EE3,https://s1.ticketm.net/dam/c/df8/81eadad8-4449-412e-a2b1-3d8bbb78edf8_106181_RETINA_PORTRAIT_16_9.jpg,2023-07-01,20:30:00,KnvZfZ7vAvF,KZazBEonSMnZfZ7va1k,30.0,30.0
Z7r9jZ1Ad07-z,Emo Night Brooklyn,Z7r9jZa7OK,https://www.ticketmaster.com/event/Z7r9jZ1Ad07-z,https://s1.ticketm.net/dam/a/bda/204a558e-2376-42c5-a169-37195950ebda_RETINA_LANDSCAPE_16_9.jpg,2023-07-01,21:00:00,KnvZfZ7vAvF,KZazBEonSMnZfZ7vA1E,,
vvG10Z9cu1aU27,Club 90s Vampire Ball: Olivia Rodrigo Night,KovZpZAEvnFA,https://www.ticketmaster.com/club-90s-vampire-ball-olivia-rodrigo-los-angeles-california-07-01-2023/event/09005ED34A2763C4,https://s1.ticketm.net/dam/e/5c4/35a829b9-1f57-47ed-9778-e72b8cee35c4_EVENT_DETAIL_PAGE_16_9.jpg,2023-07-01,22:00:00,KnvZfZ7vAev,KZazBEonSMnZfZ7vk1t,13.0,13.0
vvG1iZ9o2kD-sf,LA Winds Presents Concert 4:Traditional pre-July 4 concert,KovZpZAE7dFA,https://www.ticketmaster.com/la-winds-presents-concert-4traditional-prejuly-thousand-oaks-california-07-02-2023/event/0B005D13C6EE1C54,https://s1.ticketm.net/dam/a/232/2a36f946-8672-4538-97e0-83af8fc3c232_ARTIST_PAGE_3_2.jpg,2023-07-02,14:30:00,KnvZfZ7vAeJ,KZazBEonSMnZfZ7vF1A,30.0,35.0
vvG1IZ9NI8lUIR,Fall Out Boy - So Much For (Tour) Dust,KovZ917A3c0,https://www.ticketmaster.com/fall-out-boy-so-much-for-los-angeles-california-07-02-2023/event/0A005E3A10AF6A2F,https://s1.ticketm.net/dam/a/aea/8c6574ed-5bf0-41ca-8461-f546d0979aea_RECOMENDATION_16_9.jpg,2023-07-02,18:15:00,KnvZfZ7vAeA,KZazBEonSMnZfZ7v6dt,59.5,169.5
vvG10Z9iJFRouH,The MJLS Live,KovZ917AJ5H,https://www.ticketmaster.com/the-mjls-live-los-angeles-california-07-02-2023/event/09005EC988BD137C,https://s1.ticketm.net/dam/e/9e1/78508bb3-8827-4833-8655-7dfe2af249e1_TABLET_LANDSCAPE_16_9.jpg,2023-07-02,18:30:00,KnvZfZ7vAeA,KZazBEonSMnZfZ7v6dt,18.0,18.0
vvG10Z9I3WHx2p,"Juan Wauters with Cola Boyy, and Jimmy Whispers",KovZ917A967,https://concerts.livenation.com/juan-wauters-with-cola-boyy-and-los-angeles-california-07-02-2023/event/09005E84BDF223D6,https://s1.ticketm.net/dam/a/dce/7838fbf1-dbd1-4731-b338-ce4afb75cdce_RETINA_PORTRAIT_3_2.jpg,2023-07-02,19:00:00,KnvZfZ7vAeA,KZazBEonSMnZfZ7v6dt,18.0,18.0
vvG10Z9IKU9SG1,Wavves & Cloud Nothings,KovZpZAF6JkA,https://concerts.livenation.com/wavves-cloud-nothings-santa-ana-california-07-02-2023/event/09005E84F65F330A,https://s1.ticketm.net/dam/a/a35/9f6d2a99-ea8f-4f32-bfb5-8f9c30b6da35_1534491_EVENT_DETAIL_PAGE_16_9.jpg,2023-07-02,19:00:00,KnvZfZ7vAeA,KZazBEonSMnZfZ7v6a6,29.5,29.5
vvG10Z9i6x40AM,Beats & Legacy - Honoring 50 Years of Hip Hop Producers,KovZ917A2k0,https://www.ticketmaster.com/beats-legacy-honoring-50-years-of-los-angeles-california-07-02-2023/event/09005EC1E2564177,https://s1.ticketm.net/dam/c/80b/f3cd8d24-c3ae-4fa0-b4bc-1ba99f9b380b_106091_RETINA_PORTRAIT_3_2.jpg,2023-07-02,19:00:00,KnvZfZ7vAv1,KZazBEonSMnZfZ7vaa1,20.0,20.0
Z7r9jZ1Adxvj0,Nascar Aloe,Z7r9jZadbo,https://www.ticketmaster.com/event/Z7r9jZ1Adxvj0,https://s1.ticketm.net/dam/a/07b/7ad3abcc-753b-48bd-b6ce-dfc4f673507b_1728211_EVENT_DETAIL_PAGE_16_9.jpg,2023-07-02,20:00:00,KnvZfZ7vAvl,KZazBEonSMnZfZ7vk1I,,
vvG1IZ90kUOVv6,Fall Out Boy - So Much For (Tour) Dust,KovZ917A3c0,https://www.ticketmaster.com/fall-out-boy-so-much-for-los-angeles-california-07-03-2023/event/0A005E41B6834047,https://s1.ticketm.net/dam/a/aea/8c6574ed-5bf0-41ca-8461-f546d0979aea_RECOMENDATION_16_9.jpg,2023-07-03,18:15:00,KnvZfZ7vAeA,KZazBEonSMnZfZ7v6dt,29.5,149.5
vvG10Z9I8jGSWT,Wavves & Cloud Nothings with Special Guest: Ultra Q,KovZpZAJ6daA,https://www.ticketmaster.com/wavves-cloud-nothings-with-special-guest-los-angeles-california-07-03-2023/event/09005E841C333F7F,https://s1.ticketm.net/dam/a/a35/9f6d2a99-ea8f-4f32-bfb5-8f9c30b6da35_1534491_EVENT_DETAIL_PAGE_16_9.jpg,2023-07-03,19:00:00,KnvZfZ7vAeA,KZazBEonSMnZfZ7v6a6,29.5,29.5
vvG10Z9iEkvK1e,"Redacted Residency: Foot, Nishwakie, Daryl Salad and Dan Durant",KovZ917AJ5H,https://www.ticketmaster.com/redacted-residency-foot-nishwakie-daryl-salad-los-angeles-california-07-03-2023/event/09005EC9C6053282,https://s1.ticketm.net/dam/e/b20/75be5980-1ded-471c-bbff-505645486b20_EVENT_DETAIL_PAGE_16_9.jpg,2023-07-03,20:00:00,KnvZfZ7vAeA,KZazBEonSMnZfZ7v6dt,12.0,12.0
Z7r9jZ1Ad-f_0,Toad the Wet Sprocket,Z6r9jZ1eFe,https://www.ticketmaster.com/event/Z7r9jZ1Ad-f_0,https://s1.ticketm.net/dam/a/084/077eabe8-835a-45cb-a59b-c504fa04a084_1739171_RETINA_PORTRAIT_3_2.jpg,2023-07-05,19:00:00,KnvZfZ7vAvv,KZazBEonSMnZfZ7vAvn,,
vvG10Z9ET46fYw,The Backyard by Stater Bros Presents Rockstars of Tomorrow,KovZpZAkEFlA,https://www.ticketmaster.com/the-backyard-by-stater-bros-presents-ontario-california-07-05-2023/event/09005E7FD51D4C32,https://s1.ticketm.net/dam/c/fbc/b293c0ad-c904-4215-bc59-8d7f2414dfbc_106141_RETINA_PORTRAIT_16_9.jpg,2023-07-05,19:30:00,KnvZfZ7vAeA,KZazBEonSMnZfZ7v6F1,9.25,9.25
vvG10Z9Jhptq6R,The Beach Boys,KovZpZA77elA,https://www.ticketmaster.com/the-beach-boys-paso-robles-california-07-05-2023/event/09005E66D6A5D1EF,https://s1.ticketm.net/dam/a/1e6/a7fb22db-7408-44ee-94cc-b6fd363bc1e6_1583871_CUSTOM.jpg,2023-07-05,19:30:00,KnvZfZ7vAeA,KZazBEonSMnZfZ7v6F1,54.5,104.5
vvG10Z9c3I6shI,IRESS with Dog Smoke & Untitled Halo,KovZ917AJ5H,https://www.ticketmaster.com/iress-with-dog-smoke-untitled-halo-los-angeles-california-07-05-2023/event/09005ED4A81F16E8,https://s1.ticketm.net/dam/e/2e3/0ee251cc-58f0-465d-bb03-97d163d122e3_EVENT_DETAIL_PAGE_16_9.jpg,2023-07-05,20:00:00,KnvZfZ7vAvt,KZazBEonSMnZfZ7vaJ6,12.0,12.0
vvG10Z9nSLTpdi,CANCELED - Lojay - Gangster Romantic,KovZ917A967,https://concerts.livenation.com/canceled-lojay-gangster-romantic-los-angeles-california-07-06-2023/event/09005EACDFFD60EC,https://s1.ticketm.net/dam/a/98c/b17dc050-2ceb-4e42-9e89-e4fec672f98c_TABLET_LANDSCAPE_3_2.jpg,2023-07-06,19:00:00,KnvZfZ7vAeF,KZazBEonSMnZfZ7v6Jt,27.5,27.5
vvG10Z9niZO9hP,Gavin Turek with special guests Tolliver & Val Fleury,KovZ917A2k0,https://www.ticketmaster.com/gavin-turek-with-special-guests-tolliver-los-angeles-california-07-06-2023/event/09005EAB008176E5,https://s1.ticketm.net/dam/a/623/01eede03-4cf8-44c6-903a-e6e940552623_EVENT_DETAIL_PAGE_16_9.jpg,2023-07-06,19:00:00,KnvZfZ7vAeA,KZazBEonSMnZfZ7v6dt,20.0,20.0
vvG10Z9tm7n-NO,Aqua,KovZpZAJvttA,https://concerts.livenation.com/aqua-los-angeles-california-07-06-2023/event/09005E9B84AA18E0,https://s1.ticketm.net/dam/a/319/39c8788b-76f9-48e8-9ffd-c2402ac14319_ARTIST_PAGE_3_2.jpg,2023-07-06,19:00:00,KnvZfZ7vAeA,KZazBEonSMnZfZ7v6F1,47.5,82.5
Z7r9jZ1Adx4Zx,Lil Ugly Mane,Z7r9jZadbo,https://www.ticketmaster.com/event/Z7r9jZ1Adx4Zx,https://s1.ticketm.net/dam/c/060/c5c08e7a-9912-456c-a060-2758be94e060_105881_RECOMENDATION_16_9.jpg,2023-07-06,19:30:00,KnvZfZ7vAvl,KZazBEonSMnZfZ7vk1I,,
Z7r9jZ1Ad-3po,Lyle Lovett,ZFr9jZea1v,https://www.ticketmaster.com/event/Z7r9jZ1Ad-3po,https://s1.ticketm.net/dam/a/eda/8bb68fd6-1caf-4ec7-85bb-4cb0c969aeda_RETINA_PORTRAIT_3_2.jpg,2023-07-06,20:00:00,KnvZfZ7vAv6,KZazBEonSMnZfZ7vAad,,
Z7r9jZ1Ad07bb,Daniel Donato w/ Cris Jacobs,Z7r9jZa7OK,https://www.ticketmaster.com/event/Z7r9jZ1Ad07bb,https://s1.ticketm.net/dam/a/c5d/d5149dd6-5b24-4c4d-bc82-61f5b99efc5d_1548441_TABLET_LANDSCAPE_LARGE_16_9.jpg,2023-07-06,20:00:00,KnvZfZ7vAvl,KZazBEonSMnZfZ7vk1I,,
vvG10Z9lNck7rm,Emo Night Brooklyn (18+),KovZpZAF6JkA,https://concerts.livenation.com/emo-night-brooklyn-18-santa-ana-california-07-06-2023/event/09005EB8ED1847AE,https://s1.ticketm.net/dam/a/bda/204a558e-2376-42c5-a169-37195950ebda_RETINA_LANDSCAPE_16_9.jpg,2023-07-06,20:00:00,KnvZfZ7vAeA,KZazBEonSMnZfZ7v6F1,15.0,20.0
vvG10Z9n4S3Nb9,Flipper,KovZpZAEvnFA,https://www.ticketmaster.com/flipper-los-angeles-california-07-06-2023/event/09005EA5734A3617,https://s1.ticketm.net/dam/e/407/22d1857f-c773-4757-a8ff-89b53e13a407_RETINA_PORTRAIT_16_9.jpg,2023-07-06,20:00:00,KnvZfZ7vAeA,KZazBEonSMnZfZ7v6dt,27.5,27.5
vvG10Z9ikjP-Dx,Island Flava OC 2023,KovZpZAFAIEA,https://www.ticketmaster.com/island-flava-oc-2023-anaheim-california-07-07-2023/event/09005EC19C961EE2,https://s1.ticketm.net/dam/c/48b/2352e3b5-8496-496b-97a3-e605177e848b_105851_RETINA_LANDSCAPE_16_9.jpg,2023-07-07,18:00:00,KnvZfZ7vAee,KZazBEonSMnZfZ7vkIt,48.0,48.0
vvG10Z9i7JfU1k,Breakthru Entertainment,KovZ917AGEf,https://concerts.livenation.com/breakthru-entertainment-anaheim-california-07-07-2023/event/09005EC126536286,https://s1.ticketm.net/dam/a/3e0/4f5e7a76-03d4-4a06-977e-9ad7ad8873e0_63481_RETINA_PORTRAIT_3_2.jpg,2023-07-07,18:30:00,KnvZfZ7vAeA,KZazBEonSMnZfZ7v6F1,13.0,13.0
Z7r9jZ1AdO4__,Lyle Lovett,Z6r9jZ1eFe,https://www.ticketmaster.com/event/Z7r9jZ1AdO4__,https://s1.ticketm.net/dam/a/eda/8bb68fd6-1caf-4ec7-85bb-4cb0c969aeda_RETINA_PORTRAIT_3_2.jpg,2023-07-07,19:00:00,KnvZfZ7vAv6,KZazBEonSMnZfZ7vAad,,
vvG10Z90k4nVvg,Charged Noise Presents: EXCEL,KovZpZAEvnFA,https://www.ticketmaster.com/charged-noise-presents-excel-los-angeles-california-07-07-2023/event/09005E4195AB4075,https://s1.ticketm.net/dam/a/133/7ca37403-d5d9-47e6-b628-76fa2ac4a133_1730721_EVENT_DETAIL_PAGE_16_9.jpg,2023-07-07,19:00:00,KnvZfZ7vAvt,KZazBEonSMnZfZ7vaJ6,20.0,20.0
vvG10Z9EDbr0rh,Wallice,KovZ917AGff,https://concerts.livenation.com/wallice-santa-ana-california-07-07-2023/event/09005E7ED87A479B,https://s1.ticketm.net/dam/a/ccc/7639f320-6669-4060-a87b-7be1dda46ccc_EVENT_DETAIL_PAGE_16_9.jpg,2023-07-07,19:00:00,KnvZfZ7vAeA,KZazBEonSMnZfZ7v6dt,17.0,17.0
vvG10Z9tV6MPX9,Negative Approach & The Dwarves,KovZpZAF6JkA,https://concerts.livenation.com/negative-approach-the-dwarves-santa-ana-california-07-07-2023/event/09005E9D07DE5F97,https://s1.ticketm.net/dam/a/bdd/4faa36d2-8d6c-4541-a521-982911915bdd_TABLET_LANDSCAPE_16_9.jpg,2023-07-07,19:00:00,KnvZfZ7vAeA,KZazBEonSMnZfZ7v6dt,20.0,20.0
Z7r9jZ1Adrkvb,Damien Escobar,ZFr9jZ1ee7,https://www.ticketmaster.com/event/Z7r9jZ1Adrkvb,https://s1.ticketm.net/dam/a/4d8/41437643-def0-44d3-9538-1ed9af5764d8_1493841_TABLET_LANDSCAPE_LARGE_16_9.jpg,2023-07-07,19:30:00,KnvZfZ7vAvl,KZazBEonSMnZfZ7vk1I,,
LvZ18_6yeqQhBK8ZLLw6x,Flashpants Fridays,KovZ917AtIz,https://www.universe.com/events/flashpants-fridays-tickets-N4XG2H?ref=ticketmaster,https://s1.ticketm.net/dam/c/ab4/6367448e-7474-4650-bd2d-02a8f7166ab4_106161_RETINA_PORTRAIT_3_2.jpg,2023-07-07,20:00:00,KnvZfZ7vAe6,KZazBEonSMnZfZ7v6JI,,
vvG10Z90rwHKKs,Banda Machos,KovZpZAallJA,https://www.ticketmaster.com/banda-machos-coachella-california-07-07-2023/event/09005E47B2F134F1,https://s1.ticketm.net/dam/a/b22/d755f78a-47cd-417d-8ae7-f849e5b4eb22_1128321_ARTIST_PAGE_3_2.jpg,2023-07-07,20:00:00,KnvZfZ7vAJ6,KZazBEonSMnZfZ7va1a,35.0,70.0
vvG10Z9EDob01P,Jasper Tygner,KovZ917A967,https://concerts.livenation.com/jasper-tygner-los-angeles-california-07-07-2023/event/09005E7ED16242A5,https://s1.ticketm.net/dam/a/d1f/31ae6db6-af2f-42a5-9a8d-570139e1ed1f_RETINA_LANDSCAPE_16_9.jpg,2023-07-07,20:00:00,KnvZfZ7vAvF,KZazBEonSMnZfZ7va1k,17.0,17.0
vvG1IZ99bqaP7v,70's Soul Jam,KovZ917AJue,https://www.ticketmaster.com/70s-soul-jam-inglewood-california-07-07-2023/event/0A005D761D265101,https://s1.ticketm.net/dam/a/067/a66b4958-b8b8-48b3-92f0-4c5af7080067_68191_TABLET_LANDSCAPE_LARGE_16_9.jpg,2023-07-07,20:00:00,KnvZfZ7vAee,KZazBEonSMnZfZ7vknE,29.5,149.5
Z7r9jZ1AdO4qk,Ruel,ZFr9jZ67A6,https://www.ticketmaster.com/event/Z7r9jZ1AdO4qk,https://s1.ticketm.net/dam/a/91f/b7e62819-4e3d-415c-9b19-105bd92e491f_RECOMENDATION_16_9.jpg,2023-07-07,20:30:00,KnvZfZ7vAvl,KZazBEonSMnZfZ7vk1I,,
vvG10Z9cr-3wnI,Club 90s Presents: 2000's Night - 18+,KovZpa6OCe,https://concerts.livenation.com/club-90s-presents-2000s-night-18-los-angeles-california-07-07-2023/event/09005ED7A14B2AA8,https://s1.ticketm.net/dam/a/08f/dfb74e4a-95f6-46fd-bdb0-c699706e708f_1011401_TABLET_LANDSCAPE_LARGE_16_9.jpg,2023-07-07,21:00:00,KnvZfZ7vAev,KZazBEonSMnZfZ7vk1t,17.0,17.0
vvG10Z9n83OFLS,Feels So Close: An EDM Golden Era Party (18+),KovZpZAEA67A,https://concerts.livenation.com/feels-so-close-an-edm-golden-anaheim-california-07-07-2023/event/09005EA4128087F3,https://s1.ticketm.net/dam/a/37c/c6503dc6-c6c0-45d4-88e7-88e8debcd37c_RETINA_PORTRAIT_3_2.jpg,2023-07-07,21:00:00,KnvZfZ7vAvF,KZazBEonSMnZfZ7va1k,15.0,15.0
vvG10Z9nY_xbLd,Flamingo Friday Pool Party,KovZpZAaaaEA,https://www.ticketmaster.com/flamingo-friday-pool-party-cabazon-california-07-07-2023/event/09005EAC198987C3,https://s1.ticketm.net/dam/c/060/c5c08e7a-9912-456c-a060-2758be94e060_105881_RECOMENDATION_16_9.jpg,2023-07-07,21:00:00,KnvZfZ7vAvl,KZazBEonSMnZfZ7vk1I,25.0,25.0
vvG10Z9tpbVxpf,Sham1016 Presents The Second Annual Set Gala,KovZ917AJ5H,https://www.ticketmaster.com/sham1016-presents-the-second-annual-set-los-angeles-california-07-07-2023/event/09005E9598D22594,https://s1.ticketm.net/dam/e/d56/cee077cf-ff51-4f84-9749-4c6383cf2d56_EVENT_DETAIL_PAGE_16_9.jpg,2023-07-07,21:30:00,KnvZfZ7vAeA,KZazBEonSMnZfZ7v6dt,20.0,20.0
vvG10Z9lEdWdmJ,Peso Pluma Night: A Club Night Of Peso Pluma Canciones & Corridos(18+),KovZpZAJ6daA,https://www.ticketmaster.com/peso-pluma-night-a-club-night-los-angeles-california-07-07-2023/event/09005EB9C3F43BA6,https://s1.ticketm.net/dam/c/f50/96fa13be-e395-429b-8558-a51bb9054f50_105951_RETINA_LANDSCAPE_16_9.jpg,2023-07-07,22:00:00,KnvZfZ7vAJ6,KZazBEonSMnZfZ7va1a,10.0,10.0
LvZ18_Fzfc9SlbKehoXvj,"FREE! 80's Retro: When in Rome, Flock of Seagulls, Dramarama & more",KovZ917ALV3,https://www.universe.com/events/free-80s-retro-when-in-rome-flock-of-seagulls-dramarama-more-tickets-8GNJF7?ref=ticketmaster,https://s1.ticketm.net/dam/c/fbc/b293c0ad-c904-4215-bc59-8d7f2414dfbc_106141_RETINA_PORTRAIT_16_9.jpg,2023-07-08,14:00:00,KnvZfZ7vAeA,KZazBEonSMnZfZ7v6dt,,
vvG1iZ9JOu541i,The Green - Hirie - Mike Love - Jesse Royal - Common Sense,KovZpZAF6EaA,https://www.ticketmaster.com/the-green-hirie-mike-love-jesse-costa-mesa-california-07-08-2023/event/0B005E680D2D52AC,https://s1.ticketm.net/dam/a/2df/ccca78ab-14db-4ad8-ad1e-12c5a6eb32df_1575501_ARTIST_PAGE_3_2.jpg,2023-07-08,16:30:00,KnvZfZ7vAed,KZazBEonSMnZfZ7vknl,20.0,65.0
vvG10Z9IGh1dds,"FREESTYLE FESTIVAL w/ STEVIE B, LISA LISA, EXPOSÉ, TAYLOR DAYNE & MORE",KovZpa2Hxe,https://www.ticketmaster.com/freestyle-festival-w-stevie-b-lisa-los-angeles-california-07-08-2023/event/09005E831B2830F1,https://s1.ticketm.net/dam/a/302/587c5ab1-5f9b-4090-95b3-aa8ce01d7302_1590521_RETINA_PORTRAIT_16_9.jpg,2023-07-08,18:00:00,KnvZfZ7vAee,KZazBEonSMnZfZ7vkIt,49.0,229.0
vvG10Z9ISYkSqz,Mystery Skulls,KovZpZAEvnFA,https://www.ticketmaster.com/mystery-skulls-los-angeles-california-07-08-2023/event/09005E8CF01B3778,https://s1.ticketm.net/dam/a/25d/cb86e040-6914-472e-afbf-7b39571bf25d_SOURCE,2023-07-08,18:00:00,KnvZfZ7vAeA,KZazBEonSMnZfZ7v6dt,20.0,20.0
vvG10Z9ldVk1mF,"Life Imitates Art Ball & Honors: Dashaun Wesley, Miss Shalae and more",KovZpZAJvttA,https://concerts.livenation.com/life-imitates-art-ball-honors-dashaun-los-angeles-california-07-08-2023/event/09005EB0F418AB88,https://s1.ticketm.net/dam/c/80b/f3cd8d24-c3ae-4fa0-b4bc-1ba99f9b380b_106091_RETINA_PORTRAIT_3_2.jpg,2023-07-08,18:00:00,KnvZfZ7vAv1,KZazBEonSMnZfZ7vaa1,45.0,45.0
vvG10Z9nJBLfB0,Alexs Bar Presents: Throw Rag + Supersuckers,KovZpZAF6JkA,https://concerts.livenation.com/alexs-bar-presents-throw-rag-supersuckers-santa-ana-california-07-08-2023/event/09005EA9BA7D4EA4,https://s1.ticketm.net/dam/c/fbc/b293c0ad-c904-4215-bc59-8d7f2414dfbc_106141_RETINA_PORTRAIT_16_9.jpg,2023-07-08,18:00:00,KnvZfZ7vAeA,KZazBEonSMnZfZ7v6dt,25.0,25.0
vvG1iZ9EwYE-3H,Drum Corps At The Rose Bowl,KovZpZAEA66A,https://www.ticketmaster.com/drum-corps-at-the-rose-bowl-pasadena-california-07-08-2023/event/0B005E7CB09E14BC,https://s1.ticketm.net/dam/c/fbc/b293c0ad-c904-4215-bc59-8d7f2414dfbc_106141_RETINA_PORTRAIT_16_9.jpg,2023-07-08,18:00:00,KnvZfZ7vAeA,KZazBEonSMnZfZ7v6dt,35.0,50.0
LvZ18_dUPN1AHFOZOmT_U,Pine Mountain Logs with RETROFIT,KovZ917AtIz,https://www.universe.com/events/pine-mountain-logs-with-retrofit-tickets-QK5T6L?ref=ticketmaster,https://s1.ticketm.net/dam/c/797/5e693c26-2881-4776-8f0c-3aa94bfa3797_106511_ARTIST_PAGE_3_2.jpg,2023-07-08,19:00:00,KnvZfZ7vAvv,KZazBEonSMnZfZ7vAvn,,
vvG10Z9EKO1SYR,The Biggest Opm Summer Fest Part II,KovZpZAFAIEA,https://www.ticketmaster.com/the-biggest-opm-summer-fest-part-anaheim-california-07-08-2023/event/09005E74E02B3C2F,https://s1.ticketm.net/dam/a/49f/2acc6d4a-5b75-4969-a315-22ce1d2ec49f_RETINA_PORTRAIT_3_2.jpg,2023-07-08,19:00:00,KnvZfZ7vAev,KZazBEonSMnZfZ7vk1t,62.0,152.0
vvG10Z9EVCIUUv,Late Night Drive Home - Opening A Door Tour - - SOLD OUT,KovZ917A967,https://concerts.livenation.com/late-night-drive-home-opening-a-los-angeles-california-07-08-2023/event/09005E7D0EA36D81,https://s1.ticketm.net/dam/a/95f/5abac905-67d3-49e8-8363-15a85f32a95f_RETINA_LANDSCAPE_16_9.jpg,2023-07-08,19:00:00,KnvZfZ7vAeA,KZazBEonSMnZfZ7v6F1,16.0,16.0
vvG10Z9JroDouf,"TLC, Shaggy, En Vogue, Sean Kingston",KovZ917A8gf,https://concerts.livenation.com/tlc-shaggy-en-vogue-sean-kingston-irvine-california-07-08-2023/event/09005E6791ED1354,https://s1.ticketm.net/dam/a/31e/cbe672d2-59e5-4dff-bd9b-e7df239f231e_CUSTOM.jpg,2023-07-08,19:00:00,KnvZfZ7vAv1,KZazBEonSMnZfZ7vaa1,22.5,125.0
vvG10Z9cKf8wsS,Breaking Sound 07/08/2023 At The Peppermint Club,KovZ917A2k0,https://www.ticketmaster.com/breaking-sound-07082023-at-the-peppermint-los-angeles-california-07-08-2023/event/09005ED4D4432C73,https://s1.ticketm.net/dam/a/937/e2defe43-ee1c-4520-8f96-015b51e74937_1623471_TABLET_LANDSCAPE_3_2.jpg,2023-07-08,19:00:00,KnvZfZ7vAeA,KZazBEonSMnZfZ7v6F1,20.0,20.0
vvG10Z9tSTApC_,Cosmic Bloom & Altangeles Presents: The Gromble,KovZ917AGff,https://concerts.livenation.com/cosmic-bloom-altangeles-presents-the-gromble-santa-ana-california-07-08-2023/event/09005E9CFF156399,https://s1.ticketm.net/dam/a/302/21bf9425-35ab-428e-a626-7cc818439302_RECOMENDATION_16_9.jpg,2023-07-08,19:00:00,KnvZfZ7vAeA,KZazBEonSMnZfZ7v6F1,12.0,12.0
vvG1IZ9JCj5st5,30th Year Anniversary Of Saigon Entertainment,KovZpZA1vvlA,https://www.ticketmaster.com/30th-year-anniversary-of-saigon-entertainment-temecula-california-07-08-2023/event/0A005E639C2F1A4B,https://s1.ticketm.net/dam/c/548/5fefbd1c-973b-4b0e-9b2e-d78e4ce37548_106111_EVENT_DETAIL_PAGE_16_9.jpg,2023-07-08,19:00:00,KnvZfZ7vAeF,KZazBEonSMnZfZ7v6Jt,60.0,250.0
vvG10Z9lnWNdtF,"The Vixens & Foxes Present: ""DRIP""",KovZ917AGEf,https://concerts.livenation.com/the-vixens-foxes-present-drip-anaheim-california-07-08-2023/event/09005EBABD8C3A48,https://s1.ticketm.net/dam/c/4f2/0109888a-61b5-4525-8432-b026ef04f4f2_105631_TABLET_LANDSCAPE_LARGE_16_9.jpg,2023-07-08,19:30:00,KnvZfZ7vAev,KZazBEonSMnZfZ7vk1t,35.0,65.0
Z7r9jZ1Ad0paO,Jake Shimabukuro,ZFr9jZea1v,https://www.ticketmaster.com/event/Z7r9jZ1Ad0paO,https://s1.ticketm.net/dam/a/796/66db7215-d93a-445f-a780-c3ec70626796_1546151_RETINA_PORTRAIT_3_2.jpg,2023-07-08,20:00:00,KnvZfZ7vAev,KZazBEonSMnZfZ7vkEl,,
Z7r9jZ1AdO6Z7,Danny Seraphine,Z7r9jZadwd,https://www.ticketmaster.com/event/Z7r9jZ1AdO6Z7,https://s1.ticketm.net/dam/a/d77/a6455606-c342-43f3-9e02-76e18febed77_ARTIST_PAGE_3_2.jpg,2023-07-08,20:00:00,KnvZfZ7vAvl,KZazBEonSMnZfZ7vk1I,,
vvG10Z9ImO5srP,Happy Together Tour,KovZpZAallJA,https://www.ticketmaster.com/happy-together-tour-coachella-california-07-08-2023/event/09005E8BA02F17A5,https://s1.ticketm.net/dam/a/94b/b9952f5d-cf31-41d0-bd1f-7ed01bee094b_589291_TABLET_LANDSCAPE_3_2.jpg,2023-07-08,20:00:00,KnvZfZ7vAeA,KZazBEonSMnZfZ7v6F1,35.0,75.0
vvG10Z9ipSCvb9,Neil Young,KovZpZA77elA,https://www.ticketmaster.com/neil-young-paso-robles-california-07-08-2023/event/09005EC5B3381617,https://s1.ticketm.net/dam/a/87c/54757ba1-b60a-40d6-aefb-c889f719a87c_SOURCE,2023-07-08,20:00:00,KnvZfZ7vAeA,KZazBEonSMnZfZ7v6F1,89.5,299.0
vvG10Z9lN0jfC9,Gimme Gimme Disco (18+),KovZpZAEA67A,https://concerts.livenation.com/gimme-gimme-disco-18-anaheim-california-07-08-2023/event/09005EB8E4714397,https://s1.ticketm.net/dam/a/368/a30e6121-872f-4512-aa66-ebd4686b8368_1849781_ARTIST_PAGE_3_2.jpg,2023-07-08,20:00:00,KnvZfZ7vAvF,KZazBEonSMnZfZ7va1k,15.0,15.0
vvG1IZ9EXKzK3S,PESO PLUMA Con Invitado Especial ALEMAN,KovZ917A-Tn,https://www.ticketmaster.com/peso-pluma-con-invitado-especial-aleman-palm-desert-california-07-08-2023/event/0A005E7F93E134B3,https://s1.ticketm.net/dam/a/2b1/2f822828-b13a-4523-9af0-604b4f6fb2b1_CUSTOM.jpg,2023-07-08,20:00:00,KnvZfZ7vAJ6,KZazBEonSMnZfZ7va1a,65.0,355.0
vvG1IZ9fKkUwUj,Shahram Shabpareh,KovZ917AJue,https://www.ticketmaster.com/shahram-shabpareh-inglewood-california-07-08-2023/event/0A005D44C6DB2D9C,https://s1.ticketm.net/dam/a/ebf/2a53b1f9-184d-40e9-a2fe-d0a675a83ebf_1810611_TABLET_LANDSCAPE_16_9.jpg,2023-07-08,20:00:00,KnvZfZ7vAeF,KZazBEonSMnZfZ7v6Jt,55.0,250.0
Z7r9jZ1Ad094V,ELHAE,ZFr9jZeFAd,https://www.ticketmaster.com/event/Z7r9jZ1Ad094V,https://s1.ticketm.net/dam/a/bae/51a58986-0347-4894-aaa5-41d466f28bae_407161_CUSTOM.jpg,2023-07-08,20:30:00,KnvZfZ7vAvl,KZazBEonSMnZfZ7vk1I,,
Z7r9jZ1Ad-80d,Wallice,Z6r9jZkv7e,https://www.ticketmaster.com/event/Z7r9jZ1Ad-80d,https://s1.ticketm.net/dam/c/060/c5c08e7a-9912-456c-a060-2758be94e060_105881_RECOMENDATION_16_9.jpg,2023-07-08,21:00:00,KnvZfZ7vAvl,KZazBEonSMnZfZ7vk1I,,
Z7r9jZ1Ad-NCk,The Rembrandts,ZFr9jZAFek,https://www.ticketmaster.com/event/Z7r9jZ1Ad-NCk,https://s1.ticketm.net/dam/c/060/c5c08e7a-9912-456c-a060-2758be94e060_105881_RECOMENDATION_16_9.jpg,2023-07-08,21:00:00,KnvZfZ7vAvl,KZazBEonSMnZfZ7vk1I,,
Z7r9jZ1Ad0N-g,The Buttertones,Z7r9jZa7OK,https://www.ticketmaster.com/event/Z7r9jZ1Ad0N-g,https://s1.ticketm.net/dam/a/31e/f5e7f9fe-8ff0-4387-9168-3b22abca331e_RETINA_PORTRAIT_3_2.jpg,2023-07-08,21:00:00,KnvZfZ7vAvl,KZazBEonSMnZfZ7vk1I,,
vvG10Z9iMmsNVQ,Echo Flex: A 2000s Hip Hop Party - 21+,KovZpa6OCe,https://concerts.livenation.com/echo-flex-a-2000s-hip-hop-los-angeles-california-07-08-2023/event/09005ECDEEC63D1A,https://s1.ticketm.net/dam/c/80b/f3cd8d24-c3ae-4fa0-b4bc-1ba99f9b380b_106091_RETINA_PORTRAIT_3_2.jpg,2023-07-08,21:00:00,KnvZfZ7vAv1,KZazBEonSMnZfZ7vaa1,10.0,10.0
vvG1iZ9I9daowd,"Cool is dead, let's just have fun! Shrek Themed Dance Rave (18+)",KovZpZAEA6FA,https://concerts.livenation.com/cool-is-dead-lets-just-have-riverside-california-07-08-2023/event/0B005E85C3251C83,https://s1.ticketm.net/dam/a/032/92295cd8-69d8-4699-ada5-3f02fc494032_1755601_RETINA_PORTRAIT_3_2.jpg,2023-07-08,21:00:00,KnvZfZ7vAvF,KZazBEonSMnZfZ7va1k,17.0,27.0
vvG10Z9iXLToR4,Throwback Karaoke,KovZ917AJ5H,https://www.ticketmaster.com/throwback-karaoke-los-angeles-california-07-08-2023/event/09005ECF9FFD1BD5,https://s1.ticketm.net/dam/e/a04/7810c3b8-8b74-4bd6-8dbd-63040339ba04_EVENT_DETAIL_PAGE_16_9.jpg,2023-07-08,21:30:00,KnvZfZ7vAeA,KZazBEonSMnZfZ7v6dt,12.0,12.0
vvG10Z9ixL7vJv,Queer Techno Night - 21+ Only,KovZpZAJ6daA,https://www.ticketmaster.com/queer-techno-night-21-only-los-angeles-california-07-08-2023/event/09005EC89F101981,https://s1.ticketm.net/dam/c/df8/81eadad8-4449-412e-a2b1-3d8bbb78edf8_106181_RETINA_PORTRAIT_16_9.jpg,2023-07-08,22:00:00,KnvZfZ7vAvF,KZazBEonSMnZfZ7vAJ1,10.0,10.0
vvG10Z9ldYm1lk,"ABRA, bbymutha, Alemeda, Shy Lennox and more",KovZpZAJvttA,https://concerts.livenation.com/abra-bbymutha-alemeda-shy-lennox-and-los-angeles-california-07-09-2023/event/09005EB0F0B8AAC6,https://s1.ticketm.net/dam/c/4f2/0109888a-61b5-4525-8432-b026ef04f4f2_105631_TABLET_LANDSCAPE_LARGE_16_9.jpg,2023-07-09,18:00:00,KnvZfZ7vAev,KZazBEonSMnZfZ7vk1t,37.0,62.5
Z7r9jZ1Ad--7S,The Green,Z7r9jZa7OK,https://www.ticketmaster.com/event/Z7r9jZ1Ad--7S,https://s1.ticketm.net/dam/a/2df/ccca78ab-14db-4ad8-ad1e-12c5a6eb32df_1575501_ARTIST_PAGE_3_2.jpg,2023-07-09,19:00:00,KnvZfZ7vAvl,KZazBEonSMnZfZ7vk1I,,
vvG10Z9ESPXA9G,Late Night Drive Home: Opening A Door Tour,KovZ917AGff,https://concerts.livenation.com/late-night-drive-home-opening-a-santa-ana-california-07-09-2023/event/09005E7CE5F855CC,https://s1.ticketm.net/dam/a/95f/5abac905-67d3-49e8-8363-15a85f32a95f_RETINA_LANDSCAPE_16_9.jpg,2023-07-09,19:00:00,KnvZfZ7vAeA,KZazBEonSMnZfZ7v6F1,15.0,15.0
vvG10Z9ipXi3hN,Asterism,KovZpZAF6JkA,https://concerts.livenation.com/asterism-santa-ana-california-07-09-2023/event/09005EC5BEB126E3,https://s1.ticketm.net/dam/a/6a6/86b5a128-a4ad-4846-8814-65dba06626a6_RECOMENDATION_16_9.jpg,2023-07-09,19:00:00,KnvZfZ7vAvt,KZazBEonSMnZfZ7vaJ6,39.5,39.5
vvG10Z9iTrlV6Q,"IN YOUR POCKET PRESENTS: Glixen, Soft Blue Shimmer, Kraus &Venus Hides",KovZ917AJ5H,https://www.ticketmaster.com/in-your-pocket-presents-glixen-soft-los-angeles-california-07-09-2023/event/09005ECFDEAF41DA,https://s1.ticketm.net/dam/e/e91/0f50f8b6-37e9-4a78-96b4-5e704324ee91_CUSTOM.jpg,2023-07-09,19:30:00,KnvZfZ7vAeA,KZazBEonSMnZfZ7v6dt,12.0,12.0
vvG10Z9npDtM7A,CANCELED - Coot Corleone with Lambo4oe,KovZ917A967,https://concerts.livenation.com/canceled-coot-corleone-with-lambo4oe-los-angeles-california-07-09-2023/event/09005EA5BBA77105,https://s1.ticketm.net/dam/a/234/70e10b28-af93-4d2f-b9ab-aa15a0799234_EVENT_DETAIL_PAGE_16_9.jpg,2023-07-09,19:30:00,KnvZfZ7vAv1,KZazBEonSMnZfZ7vaa1,22.0,22.0
Z7r9jZ1AdjPuE,Happy Together Tour,ZFr9jZea1v,https://www.ticketmaster.com/event/Z7r9jZ1AdjPuE,https://s1.ticketm.net/dam/a/94b/b9952f5d-cf31-41d0-bd1f-7ed01bee094b_589291_TABLET_LANDSCAPE_3_2.jpg,2023-07-09,20:00:00,KnvZfZ7vAeA,KZazBEonSMnZfZ7v6A7,,
vvG10Z9PftCdbH,Remember Sports with Goon,KovZ917A967,https://concerts.livenation.com/remember-sports-with-goon-los-angeles-california-07-10-2023/event/09005E552938363C,https://s1.ticketm.net/dam/a/7a3/7935cdd4-078f-4ab5-b014-4896a9b3a7a3_TABLET_LANDSCAPE_16_9.jpg,2023-07-10,18:30:00,KnvZfZ7vAeA,KZazBEonSMnZfZ7v6dt,17.0,17.0
Z7r9jZ1Ad-0-K,Arrows In Action,ZFr9jZeA6a,https://www.ticketmaster.com/event/Z7r9jZ1Ad-0-K,https://s1.ticketm.net/dam/c/060/c5c08e7a-9912-456c-a060-2758be94e060_105881_RECOMENDATION_16_9.jpg,2023-07-10,19:30:00,KnvZfZ7vAvl,KZazBEonSMnZfZ7vk1I,,
vvG10Z9iEFxKhq,"Redacted Residency: Roger Hallaway, Sahara Grim, Britta Raci & VI6NNA",KovZ917AJ5H,https://www.ticketmaster.com/redacted-residency-roger-hallaway-sahara-grim-los-angeles-california-07-10-2023/event/09005EC9C88936DD,https://s1.ticketm.net/dam/e/94d/e8ac5b3a-d2d1-47fa-b122-abf120dce94d_ARTIST_PAGE_3_2.jpg,2023-07-10,20:00:00,KnvZfZ7vAeA,KZazBEonSMnZfZ7v6dt,12.0,12.0
vvG10Z9iIx8kEL,Neil Young,KovZpa2Hxe,https://www.ticketmaster.com/neil-young-los-angeles-california-07-10-2023/event/09005ECA224069DF,https://s1.ticketm.net/dam/a/87c/54757ba1-b60a-40d6-aefb-c889f719a87c_SOURCE,2023-07-10,20:00:00,KnvZfZ7vAeA,KZazBEonSMnZfZ7v6F1,79.0,299.0
vvG10Z9IOZW0xN,Babytron,KovZpZAF6JkA,https://concerts.livenation.com/babytron-santa-ana-california-07-11-2023/event/09005E8800F648A3,https://s1.ticketm.net/dam/a/306/65daed5a-2793-4c98-bcb3-416032cd4306_1601811_TABLET_LANDSCAPE_LARGE_16_9.jpg,2023-07-11,19:00:00,KnvZfZ7vAv1,KZazBEonSMnZfZ7vaa1,25.0,25.0
vvG10Z9lh0pdb7,Belly,KovZpa6OCe,https://concerts.livenation.com/belly-los-angeles-california-07-11-2023/event/09005EB6E4583604,https://s1.ticketm.net/dam/a/f03/dc844537-b9d2-4c50-8a4a-5da2924ecf03_SOURCE,2023-07-11,19:00:00,KnvZfZ7vAv1,KZazBEonSMnZfZ7vaa1,35.0,35.0
LvZ18_Fqqnvl2jZrLlpRp,Spotlight: Ryan Beatty,KovZpZAJvlnA,https://www.universe.com/events/spotlight-ryan-beatty-tickets-XYD46K?ref=ticketmaster,https://s1.ticketm.net/dam/a/d83/07cbeebc-1390-40e5-9849-6cfda766fd83_TABLET_LANDSCAPE_LARGE_16_9.jpg,2023-07-11,19:30:00,KnvZfZ7vAeA,KZazBEonSMnZfZ7v6F1,,
vvG10Z90UJdvD4,Charlie Puth Box Suite Event,KovZpa2Hxe,https://www.ticketmaster.com/charlie-puth-box-suite-event-los-angeles-california-07-11-2023/event/09005E4DA60C1ED5,https://s1.ticketm.net/dam/c/4f2/0109888a-61b5-4525-8432-b026ef04f4f2_105631_EVENT_DETAIL_PAGE_16_9.jpg,2023-07-11,19:30:00,KnvZfZ7vAev,KZazBEonSMnZfZ7vk1t,,
vvG10Z90l7o7Sy,"Charlie Puth Presents The ""Charlie"" Live Experience",KovZpa2Hxe,https://www.ticketmaster.com/charlie-puth-presents-the-charlie-live-los-angeles-california-07-11-2023/event/09005E4AC4444CF9,https://s1.ticketm.net/dam/a/c4b/220fea8d-4af3-45ee-9d09-80320fba5c4b_RETINA_PORTRAIT_16_9.jpg,2023-07-11,19:30:00,KnvZfZ7vAeA,KZazBEonSMnZfZ7v6F1,35.0,99.5
vvG10Z9iJ13-Ci,Glare,KovZ917AJ5H,https://www.ticketmaster.com/glare-los-angeles-california-07-11-2023/event/09005EC98A4A13AC,https://s1.ticketm.net/dam/a/629/925bacbb-03c1-45f4-a4b1-1f16b3927629_EVENT_DETAIL_PAGE_16_9.jpg,2023-07-11,19:30:00,KnvZfZ7vAeA,KZazBEonSMnZfZ7v6dt,15.0,15.0
Z7r9jZ1Ad-v-4,Claire Rosinkranz,Z6r9jZkv7e,https://www.ticketmaster.com/event/Z7r9jZ1Ad-v-4,https://s1.ticketm.net/dam/a/11c/3d327602-8157-413c-b8ee-eb8d113c111c_RETINA_PORTRAIT_16_9.jpg,2023-07-11,20:00:00,KnvZfZ7vAvl,KZazBEonSMnZfZ7vk1I,,
vvG10Z9lXH27rc,Phantogram,KovZ917AiI3,https://www.ticketmaster.com/phantogram-los-angeles-california-07-11-2023/event/09005EBFBC3C47AD,https://s1.ticketm.net/dam/a/848/22ea5197-86ae-4cb0-8c75-15995792b848_1767781_CUSTOM.jpg,2023-07-11,20:00:00,KnvZfZ7vAeA,KZazBEonSMnZfZ7v6F1,55.0,55.0
vvG10Z9lIrJMES,CANCELED - Shawny Binladen with Bizzy Banks,KovZ917A967,https://concerts.livenation.com/canceled-shawny-binladen-with-bizzy-banks-los-angeles-california-07-12-2023/event/09005EBA1E9B79F3,https://s1.ticketm.net/dam/a/d4a/3adb679e-ae03-4f14-b700-3752b92b0d4a_RECOMENDATION_16_9.jpg,2023-07-12,19:00:00,KnvZfZ7vAv1,KZazBEonSMnZfZ7vaa1,22.0,22.0
Z7r9jZ1Ad-7k3,Claire Rosinkranz,Z6r9jZkv7e,https://www.ticketmaster.com/event/Z7r9jZ1Ad-7k3,https://s1.ticketm.net/dam/a/11c/3d327602-8157-413c-b8ee-eb8d113c111c_RETINA_PORTRAIT_16_9.jpg,2023-07-12,20:00:00,KnvZfZ7vAvl,KZazBEonSMnZfZ7vk1I,,
vvG10Z9cu8Xk8K,"Return to Dust, WELL HELL, Hexengarten, Phaeic",KovZ917AJ5H,https://www.ticketmaster.com/return-to-dust-well-hell-hexengarten-los-angeles-california-07-12-2023/event/09005ED350F86413,https://s1.ticketm.net/dam/e/d33/d81d949d-2381-407a-b83d-51b46ec93d33_RETINA_PORTRAIT_3_2.jpg,2023-07-12,20:00:00,KnvZfZ7vAeA,KZazBEonSMnZfZ7v6dt,10.0,10.0
vvG10Z9lEQ6VQF,Buscabulla,KovZ917AiI3,https://www.ticketmaster.com/buscabulla-los-angeles-california-07-12-2023/event/09005EB9DA1F4688,https://s1.ticketm.net/dam/a/944/8b640785-8bbf-437c-a1e4-dedd0f9e5944_TABLET_LANDSCAPE_16_9.jpg,2023-07-12,20:00:00,KnvZfZ7vAev,KZazBEonSMnZfZ7vk1t,29.5,29.5
vvG10Z9lEOaVNK,ill peach,KovZ917AJ5H,https://www.ticketmaster.com/ill-peach-los-angeles-california-07-13-2023/event/09005EB9E02748D3,https://s1.ticketm.net/dam/a/73d/9b13951f-4959-4cbc-932a-52545179073d_RETINA_PORTRAIT_16_9.jpg,2023-07-13,18:30:00,KnvZfZ7vAev,KZazBEonSMnZfZ7vk1t,18.0,18.0
Z7r9jZ1AdjPPs,Happy Together Tour,Z6r9jZ1eFe,https://www.ticketmaster.com/event/Z7r9jZ1AdjPPs,https://s1.ticketm.net/dam/a/94b/b9952f5d-cf31-41d0-bd1f-7ed01bee094b_589291_TABLET_LANDSCAPE_3_2.jpg,2023-07-13,19:00:00,KnvZfZ7vAeA,KZazBEonSMnZfZ7v6A7,,
vvG10Z9iNOi3zE,The Backyard By Stater Bros Presents Saticoy,KovZpZAkEFlA,https://www.ticketmaster.com/the-backyard-by-stater-bros-presents-ontario-california-07-13-2023/event/09005EC8E0B12E27,https://s1.ticketm.net/dam/c/060/c5c08e7a-9912-456c-a060-2758be94e060_105881_RECOMENDATION_16_9.jpg,2023-07-13,19:30:00,KnvZfZ7vAvl,KZazBEonSMnZfZ7vk1I,9.75,9.75
Z7r9jZ1Ad-039,Charles Wesley Godwin,Z6r9jZkv7e,https://www.ticketmaster.com/event/Z7r9jZ1Ad-039,https://s1.ticketm.net/dam/c/060/c5c08e7a-9912-456c-a060-2758be94e060_105881_RECOMENDATION_16_9.jpg,2023-07-13,20:00:00,KnvZfZ7vAvl,KZazBEonSMnZfZ7vk1I,,
Z7r9jZ1Ad0dFo,Strick,ZFr9jZeA6a,https://www.ticketmaster.com/event/Z7r9jZ1Ad0dFo,https://s1.ticketm.net/dam/a/a4c/68120d46-73cb-4dec-99e2-96a42a84ca4c_1114381_TABLET_LANDSCAPE_LARGE_16_9.jpg,2023-07-13,20:00:00,KnvZfZ7vAvl,KZazBEonSMnZfZ7vk1I,,
Z7r9jZ1AdOUOA,Maxwell,ZFr9jZAvFe,https://www.ticketmaster.com/event/Z7r9jZ1AdOUOA,https://s1.ticketm.net/dam/a/2ab/65367186-73f0-4380-bf2b-b4662f34b2ab_1666331_RETINA_PORTRAIT_3_2.jpg,2023-07-13,20:00:00,KnvZfZ7vAee,KZazBEonSMnZfZ7vkIt,,
vvG10Z9iOgk4o0,Neil Young,KovZpa2Hxe,https://www.ticketmaster.com/neil-young-los-angeles-california-07-13-2023/event/09005EC835195464,https://s1.ticketm.net/dam/a/87c/54757ba1-b60a-40d6-aefb-c889f719a87c_SOURCE,2023-07-13,20:00:00,KnvZfZ7vAeA,KZazBEonSMnZfZ7v6F1,79.0,299.0
vvG10Z9iksR34Z,Tycho,KovZ917AiI3,https://www.ticketmaster.com/tycho-los-angeles-california-07-13-2023/event/09005EC1B1BD2540,https://s1.ticketm.net/dam/a/00e/548da9eb-cea1-4ace-8365-4f1d2ad2000e_1274931_RETINA_PORTRAIT_16_9.jpg,2023-07-13,20:00:00,KnvZfZ7vAvl,KZazBEonSMnZfZ7vk1I,49.5,49.5
vvG10Z9lGA0ns4,Nickelback,KovZpZAaaaEA,https://www.ticketmaster.com/nickelback-cabazon-california-07-13-2023/event/09005EB30592AC55,https://s1.ticketm.net/dam/a/5c0/8aa7458f-e1dc-4617-86dd-db542b09e5c0_1821511_RETINA_LANDSCAPE_16_9.jpg,2023-07-13,20:00:00,KnvZfZ7vAeA,KZazBEonSMnZfZ7v6dt,35.0,35.0
vvG1IZ9tKVZgrg,Brit Floyd 50 Years Of Dark Side,KovZ917AJue,https://www.ticketmaster.com/brit-floyd-50-years-of-dark-inglewood-california-07-13-2023/event/0A005E94F40357B5,https://s1.ticketm.net/dam/a/cc3/3ef0ad4d-e52a-41c8-9f7c-926f6c1bacc3_RECOMENDATION_16_9.jpg,2023-07-13,20:00:00,KnvZfZ7vAe6,KZazBEonSMnZfZ7v6JI,29.5,99.5
G5e0Z9crAc-oV,Dom Kennedy At Incahoots Nightclub 18+,KovZpZAAtE6A,https://www.ticketweb.com/event/dom-kennedy-at-incahoots-nightclub-in-cahoots-tickets/13357208?REFERRAL_ID=tmfeed,https://s1.ticketm.net/dam/a/8c3/b388fdc9-5b3e-4413-a1c2-9291556438c3_862041_RECOMENDATION_16_9.jpg,2023-07-13,21:00:00,KnvZfZ7vAv1,KZazBEonSMnZfZ7vaa1,,
vvG10Z90DqqV16,Creature Canyon,KovZ917AJ5H,https://www.ticketmaster.com/creature-canyon-los-angeles-california-07-13-2023/event/09005E4EDD774287,https://s1.ticketm.net/dam/a/f61/5cc7dd55-cd73-4c7a-b7d6-f0c43d3c6f61_EVENT_DETAIL_PAGE_16_9.jpg,2023-07-13,21:30:00,KnvZfZ7vAeA,KZazBEonSMnZfZ7v6F1,15.0,15.0
vvG10Z9N5OokN_,Nickelback: Get Rollin' Tour,KovZpZAEkn6A,https://www.ticketmaster.com/nickelback-get-rollin-tour-inglewood-california-07-14-2023/event/09005E32E04468D9,https://s1.ticketm.net/dam/a/5c0/8aa7458f-e1dc-4617-86dd-db542b09e5c0_1821511_RETINA_LANDSCAPE_16_9.jpg,2023-07-14,18:30:00,KnvZfZ7vAeA,KZazBEonSMnZfZ7v6dt,50.0,210.0
vvG10Z9t5eyxnc,Ted Park,KovZ917AJ5H,https://www.ticketmaster.com/ted-park-los-angeles-california-07-14-2023/event/09005E92C2E62AAD,https://s1.ticketm.net/dam/a/da7/91e89473-f395-4fab-8d62-522d6d0adda7_1796821_CUSTOM.jpg,2023-07-14,18:30:00,KnvZfZ7vAv1,KZazBEonSMnZfZ7vaa1,17.0,17.0
vvG10Z9ip0KvoT,Whiplash w/ Full Metal Jackie presents Overkill,KovZpZAFAIEA,https://www.ticketmaster.com/whiplash-w-full-metal-jackie-presents-anaheim-california-07-14-2023/event/09005EC5A44C147F,https://s1.ticketm.net/dam/a/4e6/ef4e40eb-4f5a-444e-a0ad-716e64f194e6_954811_CUSTOM.jpg,2023-07-14,18:45:00,KnvZfZ7vAvt,KZazBEonSMnZfZ7vaJ6,27.5,27.5
vvG10Z9ErRceKv,Iron Maidens,KovZ917AGEf,https://concerts.livenation.com/iron-maidens-anaheim-california-07-14-2023/event/09005E77AFB424C1,https://s1.ticketm.net/dam/a/11c/d2834471-1d2d-49b8-9ebc-a4fae519211c_693901_RECOMENDATION_16_9.jpg,2023-07-14,19:00:00,KnvZfZ7vAeA,KZazBEonSMnZfZ7v6F1,18.0,18.0
vvG10Z9IVIbgoW,Bassrush presents ATLiens (18+),KovZpZAF6JkA,https://concerts.livenation.com/bassrush-presents-atliens-18-santa-ana-california-07-14-2023/event/09005E8D2863547D,https://s1.ticketm.net/dam/a/418/89aad0b4-40b8-40e1-9dd7-6cdf8b4a6418_1836071_TABLET_LANDSCAPE_3_2.jpg,2023-07-14,19:00:00,KnvZfZ7vAvF,KZazBEonSMnZfZ7va1k,35.0,40.0
vvG10Z9NLIik1c,Les Claypool's Fearless Flying Frog Brigade - The Summer of Green Tour,KovZpZAEAl6A,https://concerts.livenation.com/les-claypools-fearless-flying-frog-brigade-los-angeles-california-07-14-2023/event/09005E37E8B062AD,https://s1.ticketm.net/dam/a/608/a11d81cd-23bb-4708-ad29-c1c6a444a608_RETINA_PORTRAIT_16_9.jpg,2023-07-14,19:00:00,KnvZfZ7vAeA,KZazBEonSMnZfZ7v6F1,45.0,87.0
vvG10Z9PSzo01z,The Nuisance with special guest Ugly Side Up,KovZ917A2k0,https://www.ticketmaster.com/the-nuisance-with-special-guest-ugly-los-angeles-california-07-14-2023/event/09005E5CF84642B8,https://s1.ticketm.net/dam/a/450/49313c3e-8c64-48b7-a509-ac04bdc2f450_RETINA_LANDSCAPE_16_9.jpg,2023-07-14,19:00:00,KnvZfZ7vAeA,KZazBEonSMnZfZ7v6F1,15.0,15.0
vvG10Z9n60DKOX,Tommy Midnight,KovZ917AGff,https://concerts.livenation.com/tommy-midnight-santa-ana-california-07-14-2023/event/09005EA1E4ED383E,https://s1.ticketm.net/dam/a/1e5/df0fd67b-5c35-4eda-9324-7e1d055c81e5_SOURCE,2023-07-14,19:00:00,KnvZfZ7vAeA,KZazBEonSMnZfZ7v6dt,18.0,18.0
Z7r9jZ1AdrpOO,Jason Isbell w/ 400 Unit,Z6r9jZ6Fde,https://www.ticketmaster.com/event/Z7r9jZ1AdrpOO,https://s1.ticketm.net/dam/a/a5a/0ebddb68-a0e1-4d61-8393-89222a11ca5a_1148681_RECOMENDATION_16_9.jpg,2023-07-14,19:30:00,KnvZfZ7vAv6,KZazBEonSMnZfZ7vAad,,
vvG10Z90XEHwyW,Summer Salt with The Rare Occasions & Addison Grace,KovZpZAJ6daA,https://www.ticketmaster.com/summer-salt-with-the-rare-occasions-los-angeles-california-07-14-2023/event/09005E4FA7F32E7D,https://s1.ticketm.net/dam/a/b2b/c068154f-c899-40cb-9403-48792cf50b2b_SOURCE,2023-07-14,19:30:00,KnvZfZ7vAeA,KZazBEonSMnZfZ7v6F1,28.5,28.5
vvG1iZ9KVC-S0M,Bee Gees Gold / ABBA LA - The Greatest Show That Never Was Part 2,KovZpZAF6EaA,https://www.ticketmaster.com/bee-gees-gold-abba-la-the-costa-mesa-california-07-14-2023/event/0B005D3D0E873937,https://s1.ticketm.net/dbimages/452646a.jpg,2023-07-14,19:30:00,KnvZfZ7vAe6,KZazBEonSMnZfZ7v6JI,18.0,30.0
LvZ18_6NyETzjbZZihjPC,90s Prom,KovZ917AtIz,https://www.universe.com/events/90s-prom-tickets-PG821H?ref=ticketmaster,https://s1.ticketm.net/dam/c/ab4/6367448e-7474-4650-bd2d-02a8f7166ab4_106161_RETINA_PORTRAIT_3_2.jpg,2023-07-14,20:00:00,KnvZfZ7vAe6,KZazBEonSMnZfZ7v6JI,,
Z7r9jZ1Ad-P0a,Mac DeMarco,ZFr9jZdevk,https://www.ticketmaster.com/event/Z7r9jZ1Ad-P0a,https://s1.ticketm.net/dam/a/5fd/8244395a-1152-4dd7-a443-998d600e25fd_1075841_EVENT_DETAIL_PAGE_16_9.jpg,2023-07-14,20:00:00,KnvZfZ7vAvv,KZazBEonSMnZfZ7vAvn,,
Z7r9jZ1Ad-Zuf,Candlebox,ZFr9jZeFAd,https://www.ticketmaster.com/event/Z7r9jZ1Ad-Zuf,https://s1.ticketm.net/dam/a/04c/673b7f5a-ae42-4ae9-aedd-c47ebb7d904c_TABLET_LANDSCAPE_3_2.jpg,2023-07-14,20:00:00,KnvZfZ7vAvv,KZazBEonSMnZfZ7vAvn,,
Z7r9jZ1Ad-b0k,Spitalfield,ZFr9jZeA6a,https://www.ticketmaster.com/event/Z7r9jZ1Ad-b0k,https://s1.ticketm.net/dam/a/a48/3326f091-d6c1-4177-b4c7-aee399f2aa48_RETINA_PORTRAIT_16_9.jpg,2023-07-14,20:00:00,KnvZfZ7vAvv,KZazBEonSMnZfZ7vAvn,,
Z7r9jZ1Ad-kJe,The Drums w/ Cold Hart,ZFr9jZ67A6,https://www.ticketmaster.com/event/Z7r9jZ1Ad-kJe,https://s1.ticketm.net/dam/a/a6a/ccd7bbb0-5afe-45f1-8b2e-96623523fa6a_RETINA_PORTRAIT_3_2.jpg,2023-07-14,20:00:00,KnvZfZ7vAvl,KZazBEonSMnZfZ7vk1I,,
vvG10Z9EV2VpU3,"Lamorn with Latroit, Linney, and Molly Otto",KovZ917A967,https://concerts.livenation.com/lamorn-with-latroit-linney-and-molly-los-angeles-california-07-14-2023/event/09005E7D0FD16D92,https://s1.ticketm.net/dam/a/a9e/2a1aff1b-00e7-4f6b-8b7d-2f346e082a9e_RETINA_LANDSCAPE_16_9.jpg,2023-07-14,20:00:00,KnvZfZ7vAvF,KZazBEonSMnZfZ7va1k,5.0,5.0
vvG10Z9IV5w7nC,Sean Healy Presents: CupcakKe with Claude Tha Gawd,KovZpa6OCe,https://concerts.livenation.com/sean-healy-presents-cupcakke-with-claude-los-angeles-california-07-14-2023/event/09005E8D0BC84A8E,https://s1.ticketm.net/dam/a/235/0263fa23-a1b5-45bf-987a-70770815b235_RETINA_PORTRAIT_16_9.jpg,2023-07-14,20:00:00,KnvZfZ7vAv1,KZazBEonSMnZfZ7vaa1,27.0,27.0
vvG10Z9JEPK7oY,Little River Band,KovZpZAaaaEA,https://www.ticketmaster.com/little-river-band-cabazon-california-07-14-2023/event/09005E69E54C4470,https://s1.ticketm.net/dam/a/469/511b2a3b-1b7b-4667-a4a0-2c28a054c469_1053561_CUSTOM.jpg,2023-07-14,20:00:00,KnvZfZ7vAeA,KZazBEonSMnZfZ7v6F1,39.0,69.0
vvG10Z9lMdMxGo,Panda Bear & Sonic Boom,KovZ917AiI3,https://www.ticketmaster.com/panda-bear-sonic-boom-los-angeles-california-07-14-2023/event/09005EBDC3DE2311,https://s1.ticketm.net/dam/a/af1/b418e87e-a1ee-4c0b-a866-90e5084e7af1_889101_CUSTOM.jpg,2023-07-14,20:00:00,KnvZfZ7vAeA,KZazBEonSMnZfZ7v6F1,36.0,36.0
vvG1IZ9EQ8LvHN,Don Toliver - Thee Love Sick Tour 2023,KovZ917AJue,https://www.ticketmaster.com/don-toliver-thee-love-sick-tour-inglewood-california-07-14-2023/event/0A005E76907C1F23,https://s1.ticketm.net/dam/a/60f/2dae6865-7223-48ce-9315-3e42fb7eb60f_SOURCE,2023-07-14,20:00:00,KnvZfZ7vAv1,KZazBEonSMnZfZ7vaa1,59.5,109.5
vvG1iZ9b0K2NA9,Devotional - The Depeche Mode Experience,KovZpZAFFvIA,https://www.ticketmaster.com/devotional-the-depeche-mode-experience-costa-mesa-california-07-14-2023/event/0B005D89133E3157,https://s1.ticketm.net/dam/a/4a1/75f81f88-067a-4571-9d97-a580132ac4a1_1281811_ARTIST_PAGE_3_2.jpg,2023-07-14,20:15:00,KnvZfZ7vAeA,KZazBEonSMnZfZ7v6dt,14.0,25.0
