,genre,id,subgenre,subgenre_id
0,Alternative,KnvZfZ7vAvv,Adult Alternative Pop/Rock,KZazBEonSMnZfZ7vAvE
1,Alternative,KnvZfZ7vAvv,Alternative,KZazBEonSMnZfZ7vAvJ
2,Alternative,KnvZfZ7vAvv,Alternative Dance,KZazBEonSMnZfZ7vAvI
3,Alternative,KnvZfZ7vAvv,Alternative Metal,KZazBEonSMnZfZ7vAvt
4,Alternative,KnvZfZ7vAvv,Alternative Rock,KZazBEonSMnZfZ7vAvn
5,Alternative,KnvZfZ7vAvv,Ambient Pop,KZazBEonSMnZfZ7vAvl
6,Alternative,KnvZfZ7vAvv,American Alternative,KZazBEonSMnZfZ7vAev
7,Alternative,KnvZfZ7vAvv,Americana,KZazBEonSMnZfZ7vAee
8,Alternative,KnvZfZ7vAvv,Baroque Pop,KZazBEonSMnZfZ7vAed
9,Alternative,KnvZfZ7vAvv,British Alternative,KZazBEonSMnZfZ7vAe7
10,Alternative,KnvZfZ7vAvv,British Ska,KZazBEonSMnZfZ7vAeA
11,Alternative,KnvZfZ7vAvv,C-86,KZazBEonSMnZfZ7vAek
12,Alternative,KnvZfZ7vAvv,Chamber Pop,KZazBEonSMnZfZ7vAe6
13,Alternative,KnvZfZ7vAvv,Cocktail,KZazBEonSMnZfZ7vAeF
14,Alternative,KnvZfZ7vAvv,College Rock,KZazBEonSMnZfZ7vAea
15,Alternative,KnvZfZ7vAvv,Cowpunk,KZazBEonSMnZfZ7vAe1
16,Alternative,KnvZfZ7vAvv,Dream Pop,KZazBEonSMnZfZ7vAeJ
17,Alternative,KnvZfZ7vAvv,Electro-Industrial,KZazBEonSMnZfZ7vAeE
18,Alternative,KnvZfZ7vAvv,Electronic Pop,KZazBEonSMnZfZ7vAeI
19,Alternative,KnvZfZ7vAvv,Funk Metal,KZazBEonSMnZfZ7vAet
20,Alternative,KnvZfZ7vAvv,Goth,KZazBEonSMnZfZ7vAen
21,Alternative,KnvZfZ7vAvv,Grunge,KZazBEonSMnZfZ7vAel
22,Alternative,KnvZfZ7vAvv,Indie Pop,KZazBEonSMnZfZ7vAdv
23,Alternative,KnvZfZ7vAvv,Indie Rock,KZazBEonSMnZfZ7vAde
24,Alternative,KnvZfZ7vAvv,Industrial,KZazBEonSMnZfZ7vAdd
25,Alternative,KnvZfZ7vAvv,Industrial Dance,KZazBEonSMnZfZ7vAd7
26,Alternative,KnvZfZ7vAvv,Jangle Pop,KZazBEonSMnZfZ7vAdA
27,Alternative,KnvZfZ7vAvv,Lo-Fi,KZazBEonSMnZfZ7vAdk
28,Alternative,KnvZfZ7vAvv,Madchester,KZazBEonSMnZfZ7vAd6
29,Alternative,KnvZfZ7vAvv,Math Rock,KZazBEonSMnZfZ7vAdF
30,Alternative,KnvZfZ7vAvv,Neo-Glam,KZazBEonSMnZfZ7vAda
31,Alternative,KnvZfZ7vAvv,Neo-Psychedelia,KZazBEonSMnZfZ7vAd1
32,Alternative,KnvZfZ7vAvv,Neo-Traditional Folk,KZazBEonSMnZfZ7vAdJ
33,Alternative,KnvZfZ7vAvv,New Zealand Rock,KZazBEonSMnZfZ7vAdE
34,Alternative,KnvZfZ7vAvv,Noise Pop,KZazBEonSMnZfZ7vAdI
35,Alternative,KnvZfZ7vAvv,Paisley Underground,KZazBEonSMnZfZ7vAdt
36,Alternative,KnvZfZ7vAvv,Pop Underground,KZazBEonSMnZfZ7vAdn
37,Alternative,KnvZfZ7vAvv,Post-Grunge,KZazBEonSMnZfZ7vAdl
38,Alternative,KnvZfZ7vAvv,Post-Punk,KZazBEonSMnZfZ7vA7v
39,Alternative,KnvZfZ7vAvv,Post-Punk Revival,KZazBEonSMnZfZ7vA7e
40,Alternative,KnvZfZ7vAvv,Post-Rock/Experimental,KZazBEonSMnZfZ7vA7d
41,Alternative,KnvZfZ7vAvv,Psychobilly,KZazBEonSMnZfZ7vA77
42,Alternative,KnvZfZ7vAvv,Queercore,KZazBEonSMnZfZ7vA7A
43,Alternative,KnvZfZ7vAvv,Riot Grrrl,KZazBEonSMnZfZ7vA7k
44,Alternative,KnvZfZ7vAvv,Sadcore,KZazBEonSMnZfZ7vA76
45,Alternative,KnvZfZ7vAvv,Shoegaze,KZazBEonSMnZfZ7vA7F
46,Alternative,KnvZfZ7vAvv,Ska,KZazBEonSMnZfZ7vA7a
47,Alternative,KnvZfZ7vAvv,Ska Punk,KZazBEonSMnZfZ7vA71
48,Alternative,KnvZfZ7vAvv,Skatepunk,KZazBEonSMnZfZ7vA7J
49,Alternative,KnvZfZ7vAvv,Slowcore,KZazBEonSMnZfZ7vA7E
50,Alternative,KnvZfZ7vAvv,Space Rock,KZazBEonSMnZfZ7vA7I
51,Alternative,KnvZfZ7vAvv,Third Wave Ska Revival,KZazBEonSMnZfZ7vA7t
52,Alternative,KnvZfZ7vAvv,Twee Pop,KZazBEonSMnZfZ7vA7n
53,Alternative,KnvZfZ7vAvv,Urban Folk,KZazBEonSMnZfZ7vA7l
54,Ballads/Romantic,KnvZfZ7vAve,Ballads/Romantic,KZazBEonSMnZfZ7vAAe
55,Blues,KnvZfZ7vAvd,Acoustic Blues,KZazBEonSMnZfZ7vAA7
56,Blues,KnvZfZ7vAvd,Avant-Garde Blues,KZazBEonSMnZfZ7vAAA
57,Blues,KnvZfZ7vAvd,Blues,KZazBEonSMnZfZ7vAAd
58,Blues,KnvZfZ7vAvd,Blues Gospel,KZazBEonSMnZfZ7vAAk
59,Blues,KnvZfZ7vAvd,Blues Revival,KZazBEonSMnZfZ7vAA6
60,Blues,KnvZfZ7vAvd,British Blues,KZazBEonSMnZfZ7vAF7
61,Blues,KnvZfZ7vAvd,Chicago Blues,KZazBEonSMnZfZ7vAAF
62,Blues,KnvZfZ7vAvd,Contemporary Blues,KZazBEonSMnZfZ7vAAa
63,Blues,KnvZfZ7vAvd,Country Blues,KZazBEonSMnZfZ7vAA1
64,Blues,KnvZfZ7vAvd,Delta Blues,KZazBEonSMnZfZ7vAAE
65,Blues,KnvZfZ7vAvd,Detroit Blues,KZazBEonSMnZfZ7vAAI
66,Blues,KnvZfZ7vAvd,Dirty Blues,KZazBEonSMnZfZ7vAAt
67,Blues,KnvZfZ7vAvd,Early American Blues,KZazBEonSMnZfZ7vAAn
68,Blues,KnvZfZ7vAvd,East Coast Blues,KZazBEonSMnZfZ7vAAl
69,Blues,KnvZfZ7vAvd,Electric Blues,KZazBEonSMnZfZ7vAkv
70,Blues,KnvZfZ7vAvd,Electric Blues Guitar,KZazBEonSMnZfZ7vAke
71,Blues,KnvZfZ7vAvd,Electric Harmonica Blues,KZazBEonSMnZfZ7vAkd
72,Blues,KnvZfZ7vAvd,Finger-Picked Guitar,KZazBEonSMnZfZ7vAk7
73,Blues,KnvZfZ7vAvd,Folk-Blues,KZazBEonSMnZfZ7vAkA
74,Blues,KnvZfZ7vAvd,Harmonica Blues,KZazBEonSMnZfZ7vAkk
75,Blues,KnvZfZ7vAvd,Jazz Blues,KZazBEonSMnZfZ7vAk6
76,Blues,KnvZfZ7vAvd,Juke Joint Blues,KZazBEonSMnZfZ7vAkF
77,Blues,KnvZfZ7vAvd,Jump Blues,KZazBEonSMnZfZ7vAka
78,Blues,KnvZfZ7vAvd,Louisiana Blues,KZazBEonSMnZfZ7vAk1
79,Blues,KnvZfZ7vAvd,Memphis Blues,KZazBEonSMnZfZ7vAkJ
80,Blues,KnvZfZ7vAvd,Modern Blues,KZazBEonSMnZfZ7vAkE
81,Blues,KnvZfZ7vAvd,Modern Delta Blues,KZazBEonSMnZfZ7vAkI
82,Blues,KnvZfZ7vAvd,Modern Electric Blues,KZazBEonSMnZfZ7vAkt
83,Blues,KnvZfZ7vAvd,Modern Electric Chicago Blues,KZazBEonSMnZfZ7vAkn
84,Blues,KnvZfZ7vAvd,Modern Electric D618,KZazBEonSMnZfZ7vav7
85,Blues,KnvZfZ7vAvd,Modern Electric Texas Blues,KZazBEonSMnZfZ7vAkl
86,Blues,KnvZfZ7vAvd,New Orleans Blues,KZazBEonSMnZfZ7vA6v
87,Blues,KnvZfZ7vAvd,New York Blues,KZazBEonSMnZfZ7vA6e
88,Blues,KnvZfZ7vAvd,Piano Blues,KZazBEonSMnZfZ7vA6d
89,Blues,KnvZfZ7vAvd,Piedmont Blues,KZazBEonSMnZfZ7vA67
90,Blues,KnvZfZ7vAvd,Prewar Blues,KZazBEonSMnZfZ7vA6A
91,Blues,KnvZfZ7vAvd,Prewar-Country Blues,KZazBEonSMnZfZ7vA6F
92,Blues,KnvZfZ7vAvd,Prewar-Gospel Blues,KZazBEonSMnZfZ7vA6a
93,Blues,KnvZfZ7vAvd,Slide Guitar,KZazBEonSMnZfZ7vA61
94,Blues,KnvZfZ7vAvd,Soul-Blues,KZazBEonSMnZfZ7vA6J
95,Blues,KnvZfZ7vAvd,St. Louis Blues,KZazBEonSMnZfZ7vA6E
96,Blues,KnvZfZ7vAvd,Swamp Blues,KZazBEonSMnZfZ7vA6I
97,Blues,KnvZfZ7vAvd,Texas Blues,KZazBEonSMnZfZ7vA6t
98,Blues,KnvZfZ7vAvd,Traditional Blues,KZazBEonSMnZfZ7vA6n
99,Blues,KnvZfZ7vAvd,Vaudeville Blues,KZazBEonSMnZfZ7vA6l
100,Blues,KnvZfZ7vAvd,Vocal Blues,KZazBEonSMnZfZ7vAFv
101,Blues,KnvZfZ7vAvd,West Coast Blues,KZazBEonSMnZfZ7vAFe
102,Chanson Francaise,KnvZfZ7vAvA,Chanson Francaise,KZazBEonSMnZfZ7vAFk
103,Children's Music,KnvZfZ7vAvk,Children's Music,KZazBEonSMnZfZ7vAFF
104,Classical,KnvZfZ7vAeJ,Church Music,KZazBEonSMnZfZ7vaad
105,Classical,KnvZfZ7vAeJ,Classical/Vocal,KZazBEonSMnZfZ7vF1A
106,Country,KnvZfZ7vAv6,Alternative Country,KZazBEonSMnZfZ7vAF1
107,Country,KnvZfZ7vAv6,Avant-Garde Country,KZazBEonSMnZfZ7vAFJ
108,Country,KnvZfZ7vAv6,Bakersfield Sound,KZazBEonSMnZfZ7vAFE
109,Country,KnvZfZ7vAv6,Bluegrass,KZazBEonSMnZfZ7vAFI
110,Country,KnvZfZ7vAv6,Bluegrass-Gospel,KZazBEonSMnZfZ7vAFt
111,Country,KnvZfZ7vAv6,Classic Country,KZazBEonSMnZfZ7vAFn
112,Country,KnvZfZ7vAv6,Close Harmony,KZazBEonSMnZfZ7vAFl
113,Country,KnvZfZ7vAv6,Contemporary Bluegrass,KZazBEonSMnZfZ7vAav
114,Country,KnvZfZ7vAv6,Contemporary Country,KZazBEonSMnZfZ7vAae
115,Country,KnvZfZ7vAv6,Country,KZazBEonSMnZfZ7vAFa
116,Country,KnvZfZ7vAv6,Country Folk,KZazBEonSMnZfZ7vAad
117,Country,KnvZfZ7vAv6,Country Gospel,KZazBEonSMnZfZ7vAa7
118,Country,KnvZfZ7vAv6,Country Pop,KZazBEonSMnZfZ7vAaA
119,Country,KnvZfZ7vAv6,Country Soul,KZazBEonSMnZfZ7vAak
120,Country,KnvZfZ7vAv6,Cowboy,KZazBEonSMnZfZ7vAa6
121,Country,KnvZfZ7vAv6,Honky Tonk,KZazBEonSMnZfZ7vAaF
122,Country,KnvZfZ7vAv6,Instrumental,KZazBEonSMnZfZ7vAaa
123,Country,KnvZfZ7vAv6,Jug Band,KZazBEonSMnZfZ7vAa1
124,Country,KnvZfZ7vAv6,Nashville Sound,KZazBEonSMnZfZ7vAaJ
125,Country,KnvZfZ7vAv6,Neo-Traditional Country,KZazBEonSMnZfZ7vAaE
126,Country,KnvZfZ7vAv6,Old-time Country,KZazBEonSMnZfZ7vAaI
127,Country,KnvZfZ7vAv6,Outlaw Country,KZazBEonSMnZfZ7vAat
128,Country,KnvZfZ7vAv6,Progressive Country,KZazBEonSMnZfZ7vAan
129,Country,KnvZfZ7vAv6,Roadhouse Country,KZazBEonSMnZfZ7vAal
130,Country,KnvZfZ7vAv6,Songster,KZazBEonSMnZfZ7vA1v
131,Country,KnvZfZ7vAv6,Square Dance,KZazBEonSMnZfZ7vA1e
132,Country,KnvZfZ7vAv6,String Dance,KZazBEonSMnZfZ7vA1d
133,Country,KnvZfZ7vAv6,Traditional Bluegrass,KZazBEonSMnZfZ7vA17
134,Country,KnvZfZ7vAv6,Traditional Country,KZazBEonSMnZfZ7vA1A
135,Country,KnvZfZ7vAv6,Truck Driving Country,KZazBEonSMnZfZ7vA1k
136,Country,KnvZfZ7vAv6,Urban Cowboy,KZazBEonSMnZfZ7vA16
137,Country,KnvZfZ7vAv6,Western Swing & Country Boogie,KZazBEonSMnZfZ7vA1F
138,Country,KnvZfZ7vAv6,Western Swing Revival,KZazBEonSMnZfZ7vA1a
139,Country,KnvZfZ7vAv6,Work Songs,KZazBEonSMnZfZ7vA11
140,Country,KnvZfZ7vAv6,Yodeling,KZazBEonSMnZfZ7vA1J
141,Dance/Electronic,KnvZfZ7vAvF,2-Step,KZazBEonSMnZfZ7vA1I
142,Dance/Electronic,KnvZfZ7vAvF,2-Step/British Garage,KZazBEonSMnZfZ7vA1t
143,Dance/Electronic,KnvZfZ7vAvF,Acid House,KZazBEonSMnZfZ7vA1n
144,Dance/Electronic,KnvZfZ7vAvF,Acid Jazz,KZazBEonSMnZfZ7vA1l
145,Dance/Electronic,KnvZfZ7vAvF,Acid Techno,KZazBEonSMnZfZ7vAJv
146,Dance/Electronic,KnvZfZ7vAvF,Ambient,KZazBEonSMnZfZ7vAJe
147,Dance/Electronic,KnvZfZ7vAvF,Ambient Breakbeat,KZazBEonSMnZfZ7vAJd
148,Dance/Electronic,KnvZfZ7vAvF,Ambient Electronica,KZazBEonSMnZfZ7vAJ7
149,Dance/Electronic,KnvZfZ7vAvF,Ambient House,KZazBEonSMnZfZ7vAJA
150,Dance/Electronic,KnvZfZ7vAvF,Ambient Techno,KZazBEonSMnZfZ7vAJk
151,Dance/Electronic,KnvZfZ7vAvF,Avant-Garde,KZazBEonSMnZfZ7vAJ6
152,Dance/Electronic,KnvZfZ7vAvF,Big Beat,KZazBEonSMnZfZ7vAJF
153,Dance/Electronic,KnvZfZ7vAvF,Broken Beat,KZazBEonSMnZfZ7vAJa
154,Dance/Electronic,KnvZfZ7vAvF,Chillwave,KZazBEonSMnZfZ7vaan
155,Dance/Electronic,KnvZfZ7vAvF,Club Dance,KZazBEonSMnZfZ7vAJ1
156,Dance/Electronic,KnvZfZ7vAvF,Dance Band,KZazBEonSMnZfZ7vaak
157,Dance/Electronic,KnvZfZ7vAvF,Dance Pop,KZazBEonSMnZfZ7vAJJ
158,Dance/Electronic,KnvZfZ7vAvF,Dance-Rock,KZazBEonSMnZfZ7vAJE
159,Dance/Electronic,KnvZfZ7vAvF,Dance/Electronic,KZazBEonSMnZfZ7vA1E
160,Dance/Electronic,KnvZfZ7vAvF,Dark Ambient,KZazBEonSMnZfZ7vAJI
161,Dance/Electronic,KnvZfZ7vAvF,Detroit Techno,KZazBEonSMnZfZ7vAJt
162,Dance/Electronic,KnvZfZ7vAvF,Disco,KZazBEonSMnZfZ7vAJn
163,Dance/Electronic,KnvZfZ7vAvF,Disco Polo,KZazBEonSMnZfZ7vaa6
164,Dance/Electronic,KnvZfZ7vAvF,Downbeat,KZazBEonSMnZfZ7vAJl
165,Dance/Electronic,KnvZfZ7vAvF,Downtempo,KZazBEonSMnZfZ7vAEv
166,Dance/Electronic,KnvZfZ7vAvF,Drill'n'bass,KZazBEonSMnZfZ7vAEe
167,Dance/Electronic,KnvZfZ7vAvF,Drum 'n' Bass,KZazBEonSMnZfZ7vAEd
168,Dance/Electronic,KnvZfZ7vAvF,Dub Electronica,KZazBEonSMnZfZ7vAE7
169,Dance/Electronic,KnvZfZ7vAvF,Dubstep,KZazBEonSMnZfZ7vaal
170,Dance/Electronic,KnvZfZ7vAvF,Electro-Jazz,KZazBEonSMnZfZ7vAEA
171,Dance/Electronic,KnvZfZ7vAvF,Electro-Techno,KZazBEonSMnZfZ7vAEk
172,Dance/Electronic,KnvZfZ7vAvF,Electronica Mainstream,KZazBEonSMnZfZ7vAE6
173,Dance/Electronic,KnvZfZ7vAvF,Euro-Dance,KZazBEonSMnZfZ7vAEF
174,Dance/Electronic,KnvZfZ7vAvF,Experimental,KZazBEonSMnZfZ7va1v
175,Dance/Electronic,KnvZfZ7vAvF,Experimental Ambient,KZazBEonSMnZfZ7vAEa
176,Dance/Electronic,KnvZfZ7vAvF,Experimental Dub,KZazBEonSMnZfZ7vAE1
177,Dance/Electronic,KnvZfZ7vAvF,Experimental Electro,KZazBEonSMnZfZ7vAEJ
178,Dance/Electronic,KnvZfZ7vAvF,Experimental Jungle,KZazBEonSMnZfZ7vAEE
179,Dance/Electronic,KnvZfZ7vAvF,Experimental Techno,KZazBEonSMnZfZ7vAEI
180,Dance/Electronic,KnvZfZ7vAvF,Freestyle,KZazBEonSMnZfZ7vAEt
181,Dance/Electronic,KnvZfZ7vAvF,Funky Breaks,KZazBEonSMnZfZ7vAEn
182,Dance/Electronic,KnvZfZ7vAvF,Gabba,KZazBEonSMnZfZ7vAEl
183,Dance/Electronic,KnvZfZ7vAvF,Glitch,KZazBEonSMnZfZ7vAIv
184,Dance/Electronic,KnvZfZ7vAvF,Goa Trance,KZazBEonSMnZfZ7vAIe
185,Dance/Electronic,KnvZfZ7vAvF,Grime,KZazBEonSMnZfZ7vAId
186,Dance/Electronic,KnvZfZ7vAvF,Happy Hardcore,KZazBEonSMnZfZ7vAI7
187,Dance/Electronic,KnvZfZ7vAvF,Hardcore Techno,KZazBEonSMnZfZ7vAIA
188,Dance/Electronic,KnvZfZ7vAvF,Hi-NRG,KZazBEonSMnZfZ7vAIk
189,Dance/Electronic,KnvZfZ7vAvF,House,KZazBEonSMnZfZ7vAI6
190,Dance/Electronic,KnvZfZ7vAvF,Illbient,KZazBEonSMnZfZ7vAIF
191,Dance/Electronic,KnvZfZ7vAvF,Industrial Drum'n'Bass,KZazBEonSMnZfZ7vAIa
192,Dance/Electronic,KnvZfZ7vAvF,Intelligent Dance Music,KZazBEonSMnZfZ7vAI1
193,Dance/Electronic,KnvZfZ7vAvF,Jazz-House,KZazBEonSMnZfZ7vAIJ
194,Dance/Electronic,KnvZfZ7vAvF,Jungle/Drum 'n' Bass,KZazBEonSMnZfZ7vAIE
195,Dance/Electronic,KnvZfZ7vAvF,Latin Electronica,KZazBEonSMnZfZ7vAII
196,Dance/Electronic,KnvZfZ7vAvF,Left-Field House,KZazBEonSMnZfZ7vAIt
197,Dance/Electronic,KnvZfZ7vAvF,Microhouse,KZazBEonSMnZfZ7vAIn
198,Dance/Electronic,KnvZfZ7vAvF,Microsound,KZazBEonSMnZfZ7vAIl
199,Dance/Electronic,KnvZfZ7vAvF,Minimal Techno,KZazBEonSMnZfZ7vAtv
200,Dance/Electronic,KnvZfZ7vAvF,Neo-Electro,KZazBEonSMnZfZ7vAte
201,Dance/Electronic,KnvZfZ7vAvF,Newbeat,KZazBEonSMnZfZ7vAtd
202,Dance/Electronic,KnvZfZ7vAvF,Nu Breaks,KZazBEonSMnZfZ7vAt7
203,Dance/Electronic,KnvZfZ7vAvF,Post-Disco,KZazBEonSMnZfZ7vAtA
204,Dance/Electronic,KnvZfZ7vAvF,Progressive House,KZazBEonSMnZfZ7vAtk
205,Dance/Electronic,KnvZfZ7vAvF,Progressive Trance,KZazBEonSMnZfZ7vAt6
206,Dance/Electronic,KnvZfZ7vAvF,Rave,KZazBEonSMnZfZ7vAtF
207,Dance/Electronic,KnvZfZ7vAvF,Synthwave,KZazBEonSMnZfZ7va1e
208,Dance/Electronic,KnvZfZ7vAvF,Tech-House,KZazBEonSMnZfZ7vAta
209,Dance/Electronic,KnvZfZ7vAvF,Techno,KZazBEonSMnZfZ7vAt1
210,Dance/Electronic,KnvZfZ7vAvF,Techno Bass,KZazBEonSMnZfZ7vAtJ
211,Dance/Electronic,KnvZfZ7vAvF,Techno-Dub,KZazBEonSMnZfZ7vAtE
212,Dance/Electronic,KnvZfZ7vAvF,Techno-House,KZazBEonSMnZfZ7vAtI
213,Dance/Electronic,KnvZfZ7vAvF,Trance,KZazBEonSMnZfZ7vAtt
214,Dance/Electronic,KnvZfZ7vAvF,Trap,KZazBEonSMnZfZ7va1d
215,Dance/Electronic,KnvZfZ7vAvF,Tribal-House,KZazBEonSMnZfZ7vAtn
216,Dance/Electronic,KnvZfZ7vAvF,Trip Hop,KZazBEonSMnZfZ7vAtl
217,Dance/Electronic,KnvZfZ7vAvF,Turntablists,KZazBEonSMnZfZ7vAnv
218,Dance/Electronic,KnvZfZ7vAvF,U.K. Garage,KZazBEonSMnZfZ7vAne
219,Dance/Electronic,KnvZfZ7vAvF,Vaporwave,KZazBEonSMnZfZ7va17
220,Dance/Electronic,KnvZfZ7vAvF,Witch House,KZazBEonSMnZfZ7va1A
221,Dance/Electronic,KnvZfZ7vAvF,Witchstep,KZazBEonSMnZfZ7va1k
222,Dance/Electronic,KnvZfZ7vAvF,World Dance,KZazBEonSMnZfZ7vAnd
223,Folk,KnvZfZ7vAva,A Cappella,KZazBEonSMnZfZ7vAnA
224,Folk,KnvZfZ7vAva,Acadian,KZazBEonSMnZfZ7vAnk
225,Folk,KnvZfZ7vAva,Acid Folk,KZazBEonSMnZfZ7vAn6
226,Folk,KnvZfZ7vAva,Alternative Folk,KZazBEonSMnZfZ7vAnF
227,Folk,KnvZfZ7vAva,Americana,KZazBEonSMnZfZ7vAna
228,Folk,KnvZfZ7vAva,Andean Folk,KZazBEonSMnZfZ7vAn1
229,Folk,KnvZfZ7vAva,Anti-Folk,KZazBEonSMnZfZ7vAnJ
230,Folk,KnvZfZ7vAva,Appalachian Folk,KZazBEonSMnZfZ7vAnE
231,Folk,KnvZfZ7vAva,British Folk,KZazBEonSMnZfZ7vAnI
232,Folk,KnvZfZ7vAva,Bulgarian Folk,KZazBEonSMnZfZ7vAnt
233,Folk,KnvZfZ7vAva,Celtic Folk,KZazBEonSMnZfZ7vAnn
234,Folk,KnvZfZ7vAva,Central European Folk,KZazBEonSMnZfZ7vAnl
235,Folk,KnvZfZ7vAva,Contemporary Folk,KZazBEonSMnZfZ7vAlv
236,Folk,KnvZfZ7vAva,Creole,KZazBEonSMnZfZ7vAle
237,Folk,KnvZfZ7vAva,Field Recordings,KZazBEonSMnZfZ7vAld
238,Folk,KnvZfZ7vAva,Folk,KZazBEonSMnZfZ7vAn7
239,Folk,KnvZfZ7vAva,Folk Jazz,KZazBEonSMnZfZ7vAl7
240,Folk,KnvZfZ7vAva,Folk Punk,KZazBEonSMnZfZ7va16
241,Folk,KnvZfZ7vAva,Folk Revival,KZazBEonSMnZfZ7vAlA
242,Folk,KnvZfZ7vAva,Folk Rock,KZazBEonSMnZfZ7vAlk
243,Folk,KnvZfZ7vAva,Folk-Blues,KZazBEonSMnZfZ7vAl6
244,Folk,KnvZfZ7vAva,Folksongs,KZazBEonSMnZfZ7vAlF
245,Folk,KnvZfZ7vAva,German Folk,KZazBEonSMnZfZ7vaa7
246,Folk,KnvZfZ7vAva,Greek Folk,KZazBEonSMnZfZ7vAla
247,Folk,KnvZfZ7vAva,Hungarian Folk,KZazBEonSMnZfZ7vAl1
248,Folk,KnvZfZ7vAva,Indie Folk,KZazBEonSMnZfZ7va1F
249,Folk,KnvZfZ7vAva,Irish Folk,KZazBEonSMnZfZ7vAlJ
250,Folk,KnvZfZ7vAva,Jewish Folk,KZazBEonSMnZfZ7vAlE
251,Folk,KnvZfZ7vAva,Klezmer,KZazBEonSMnZfZ7vAlI
252,Folk,KnvZfZ7vAva,Latin America,KZazBEonSMnZfZ7vAlt
253,Folk,KnvZfZ7vAva,Latin Folk,KZazBEonSMnZfZ7vAln
254,Folk,KnvZfZ7vAva,Mediterranean,KZazBEonSMnZfZ7vAll
255,Folk,KnvZfZ7vAva,Mexican Folk,KZazBEonSMnZfZ7vkvv
256,Folk,KnvZfZ7vAva,Middle Eastern,KZazBEonSMnZfZ7vkve
257,Folk,KnvZfZ7vAva,Neo-Traditional Folk,KZazBEonSMnZfZ7vkvd
258,Folk,KnvZfZ7vAva,New Acoustic,KZazBEonSMnZfZ7vkv7
259,Folk,KnvZfZ7vAva,Political Folk,KZazBEonSMnZfZ7vkvA
260,Folk,KnvZfZ7vAva,Revival,KZazBEonSMnZfZ7vkvk
261,Folk,KnvZfZ7vAva,Schlager & Volksmusik,KZazBEonSMnZfZ7vaaF
262,Folk,KnvZfZ7vAva,Scottish Folk,KZazBEonSMnZfZ7vkv6
263,Folk,KnvZfZ7vAva,Sea Shanties,KZazBEonSMnZfZ7vkvF
264,Folk,KnvZfZ7vAva,Traditional Cajun,KZazBEonSMnZfZ7vkva
265,Folk,KnvZfZ7vAva,Traditional Folk,KZazBEonSMnZfZ7vkv1
266,Folk,KnvZfZ7vAva,Traditional Irish Folk,KZazBEonSMnZfZ7vkvJ
267,Folk,KnvZfZ7vAva,Traditional Middle Eastern Folk,KZazBEonSMnZfZ7vkvE
268,Folk,KnvZfZ7vAva,Traditional Scottish Folk,KZazBEonSMnZfZ7vkvI
269,Folk,KnvZfZ7vAva,Urban Folk,KZazBEonSMnZfZ7vkvt
270,Folk,KnvZfZ7vAva,Zydeco,KZazBEonSMnZfZ7vkvn
271,Hip-Hop/Rap,KnvZfZ7vAv1,Alternative Rap,KZazBEonSMnZfZ7vkev
272,Hip-Hop/Rap,KnvZfZ7vAv1,British Rap,KZazBEonSMnZfZ7vkee
273,Hip-Hop/Rap,KnvZfZ7vAv1,Christian Rap,KZazBEonSMnZfZ7vked
274,Hip-Hop/Rap,KnvZfZ7vAv1,Dirty Rap,KZazBEonSMnZfZ7vke7
275,Hip-Hop/Rap,KnvZfZ7vAv1,East Coast Rap,KZazBEonSMnZfZ7vkeA
276,Hip-Hop/Rap,KnvZfZ7vAv1,Electro,KZazBEonSMnZfZ7vkek
277,Hip-Hop/Rap,KnvZfZ7vAv1,French Rap,KZazBEonSMnZfZ7vaa1
278,Hip-Hop/Rap,KnvZfZ7vAv1,Gangsta Rap,KZazBEonSMnZfZ7vke6
279,Hip-Hop/Rap,KnvZfZ7vAv1,Hardcore Rap,KZazBEonSMnZfZ7vkeF
280,Hip-Hop/Rap,KnvZfZ7vAv1,Hip-Hop/Rap,KZazBEonSMnZfZ7vkvl
281,Hip-Hop/Rap,KnvZfZ7vAv1,Jazz-Rap,KZazBEonSMnZfZ7vkea
282,Hip-Hop/Rap,KnvZfZ7vAv1,Latin Hip-Hop,KZazBEonSMnZfZ7vke1
283,Hip-Hop/Rap,KnvZfZ7vAv1,Latin Rap,KZazBEonSMnZfZ7vkeJ
284,Hip-Hop/Rap,KnvZfZ7vAv1,Midwestern Rap,KZazBEonSMnZfZ7vkeE
285,Hip-Hop/Rap,KnvZfZ7vAv1,Old School Rap,KZazBEonSMnZfZ7vkeI
286,Hip-Hop/Rap,KnvZfZ7vAv1,Party Rap,KZazBEonSMnZfZ7vket
287,Hip-Hop/Rap,KnvZfZ7vAv1,Political Rap,KZazBEonSMnZfZ7vken
288,Hip-Hop/Rap,KnvZfZ7vAv1,Rap-Rock,KZazBEonSMnZfZ7vkel
289,Hip-Hop/Rap,KnvZfZ7vAv1,Reggaeton,KZazBEonSMnZfZ7vkdv
290,Hip-Hop/Rap,KnvZfZ7vAv1,Southern Rap,KZazBEonSMnZfZ7vkde
291,Hip-Hop/Rap,KnvZfZ7vAv1,Turntablism,KZazBEonSMnZfZ7vkdd
292,Hip-Hop/Rap,KnvZfZ7vAv1,Underground Rap,KZazBEonSMnZfZ7vkd7
293,Hip-Hop/Rap,KnvZfZ7vAv1,Urban,KZazBEonSMnZfZ7vkdA
294,Hip-Hop/Rap,KnvZfZ7vAv1,West Coast Rap,KZazBEonSMnZfZ7vkdk
295,Holiday,KnvZfZ7vAvJ,Christmas Music,KZazBEonSMnZfZ7vkdF
296,Holiday,KnvZfZ7vAvJ,Holiday,KZazBEonSMnZfZ7vkd6
297,Jazz,KnvZfZ7vAvE,Acid Jazz,KZazBEonSMnZfZ7vkd1
298,Jazz,KnvZfZ7vAvE,African Jazz,KZazBEonSMnZfZ7vkdJ
299,Jazz,KnvZfZ7vAvE,Afro-Cuban Jazz,KZazBEonSMnZfZ7vkdE
300,Jazz,KnvZfZ7vAvE,Avant-Garde Jazz,KZazBEonSMnZfZ7vkdI
301,Jazz,KnvZfZ7vAvE,Ballads,KZazBEonSMnZfZ7vkdt
302,Jazz,KnvZfZ7vAvE,Ballroom Dance,KZazBEonSMnZfZ7vkdn
303,Jazz,KnvZfZ7vAvE,Bebop,KZazBEonSMnZfZ7vkdl
304,Jazz,KnvZfZ7vAvE,Big Band,KZazBEonSMnZfZ7vk7v
305,Jazz,KnvZfZ7vAvE,Big Band/Swing,KZazBEonSMnZfZ7vk7e
306,Jazz,KnvZfZ7vAvE,Boogie-Woogie,KZazBEonSMnZfZ7vk7d
307,Jazz,KnvZfZ7vAvE,Brazilian Jazz,KZazBEonSMnZfZ7vk77
308,Jazz,KnvZfZ7vAvE,British Dance Bands,KZazBEonSMnZfZ7vk7A
309,Jazz,KnvZfZ7vAvE,Classic Big Band,KZazBEonSMnZfZ7vk7k
310,Jazz,KnvZfZ7vAvE,Classic Jazz,KZazBEonSMnZfZ7vk76
311,Jazz,KnvZfZ7vAvE,Contemporary Big Band,KZazBEonSMnZfZ7vk7F
312,Jazz,KnvZfZ7vAvE,Contemporary Jazz,KZazBEonSMnZfZ7vk7a
313,Jazz,KnvZfZ7vAvE,Continental Jazz,KZazBEonSMnZfZ7vk71
314,Jazz,KnvZfZ7vAvE,Cool,KZazBEonSMnZfZ7vk7J
315,Jazz,KnvZfZ7vAvE,Cool Jazz,KZazBEonSMnZfZ7vk7E
316,Jazz,KnvZfZ7vAvE,Crossover Jazz,KZazBEonSMnZfZ7vk7I
317,Jazz,KnvZfZ7vAvE,Cuban Big Band,KZazBEonSMnZfZ7vk7t
318,Jazz,KnvZfZ7vAvE,Cuban Jazz,KZazBEonSMnZfZ7vk7n
319,Jazz,KnvZfZ7vAvE,Dance Bands,KZazBEonSMnZfZ7vk7l
320,Jazz,KnvZfZ7vAvE,Dixieland,KZazBEonSMnZfZ7vkAv
321,Jazz,KnvZfZ7vAvE,Early Creative,KZazBEonSMnZfZ7vkAe
322,Jazz,KnvZfZ7vAvE,European Jazz,KZazBEonSMnZfZ7vkAd
323,Jazz,KnvZfZ7vAvE,Experimental Big Band,KZazBEonSMnZfZ7vkA7
324,Jazz,KnvZfZ7vAvE,Free Funk,KZazBEonSMnZfZ7vkAA
325,Jazz,KnvZfZ7vAvE,Free Jazz,KZazBEonSMnZfZ7vkAk
326,Jazz,KnvZfZ7vAvE,Fusion,KZazBEonSMnZfZ7vkA6
327,Jazz,KnvZfZ7vAvE,Hard Bop,KZazBEonSMnZfZ7vkAF
328,Jazz,KnvZfZ7vAvE,Jazz,KZazBEonSMnZfZ7vkda
329,Jazz,KnvZfZ7vAvE,Jazz Funk,KZazBEonSMnZfZ7vkAa
330,Jazz,KnvZfZ7vAvE,Jazz Standards,KZazBEonSMnZfZ7vkA1
331,Jazz,KnvZfZ7vAvE,Jive,KZazBEonSMnZfZ7vkAJ
332,Jazz,KnvZfZ7vAvE,Jive Jazz,KZazBEonSMnZfZ7vkAE
333,Jazz,KnvZfZ7vAvE,Latin Jazz,KZazBEonSMnZfZ7vkAI
334,Jazz,KnvZfZ7vAvE,M-Base,KZazBEonSMnZfZ7vkAt
335,Jazz,KnvZfZ7vAvE,Modern Big Band,KZazBEonSMnZfZ7vkAn
336,Jazz,KnvZfZ7vAvE,Modern Creative,KZazBEonSMnZfZ7vkAl
337,Jazz,KnvZfZ7vAvE,Modern Free,KZazBEonSMnZfZ7vkkv
338,Jazz,KnvZfZ7vAvE,New Orleans Brass Bands,KZazBEonSMnZfZ7vkke
339,Jazz,KnvZfZ7vAvE,New Orleans Jazz,KZazBEonSMnZfZ7vkkd
340,Jazz,KnvZfZ7vAvE,Novelty Ragtime,KZazBEonSMnZfZ7vkk7
341,Jazz,KnvZfZ7vAvE,Orchestral Jazz,KZazBEonSMnZfZ7vkkA
342,Jazz,KnvZfZ7vAvE,Post-Bop,KZazBEonSMnZfZ7vkkk
343,Jazz,KnvZfZ7vAvE,Progressive Big Band,KZazBEonSMnZfZ7vkk6
344,Jazz,KnvZfZ7vAvE,Progressive Jazz,KZazBEonSMnZfZ7vkkF
345,Jazz,KnvZfZ7vAvE,Ragtime,KZazBEonSMnZfZ7vkka
346,Jazz,KnvZfZ7vAvE,Retro Swing,KZazBEonSMnZfZ7vkk1
347,Jazz,KnvZfZ7vAvE,Smooth Jazz,KZazBEonSMnZfZ7vkkJ
348,Jazz,KnvZfZ7vAvE,Society Dance Band,KZazBEonSMnZfZ7vkkE
349,Jazz,KnvZfZ7vAvE,Soul Jazz,KZazBEonSMnZfZ7vkkI
350,Jazz,KnvZfZ7vAvE,Soul-Jazz & Boogaloo,KZazBEonSMnZfZ7vkkt
351,Jazz,KnvZfZ7vAvE,Stride Piano,KZazBEonSMnZfZ7vkkn
352,Jazz,KnvZfZ7vAvE,Sweet Bands,KZazBEonSMnZfZ7vkkl
353,Jazz,KnvZfZ7vAvE,Swing,KZazBEonSMnZfZ7vk6v
354,Jazz,KnvZfZ7vAvE,Swing Jazz,KZazBEonSMnZfZ7vk6e
355,Jazz,KnvZfZ7vAvE,Third Stream,KZazBEonSMnZfZ7vk6d
356,Jazz,KnvZfZ7vAvE,Traditional Jazz & Ragtime,KZazBEonSMnZfZ7vk67
357,Jazz,KnvZfZ7vAvE,Vintage Dance Bands,KZazBEonSMnZfZ7vk6A
358,Jazz,KnvZfZ7vAvE,Vocal Jazz,KZazBEonSMnZfZ7vk6k
359,Jazz,KnvZfZ7vAvE,Vocalese,KZazBEonSMnZfZ7vk66
360,Jazz,KnvZfZ7vAvE,West Coast Jazz,KZazBEonSMnZfZ7vk6F
361,Jazz,KnvZfZ7vAvE,World Jazz,KZazBEonSMnZfZ7vk6a
362,Latin,KnvZfZ7vAJ6,Latin,KZazBEonSMnZfZ7va1a
363,Latin,KnvZfZ7vAJ6,Latin Children's,KZazBEonSMnZfZ7va11
364,Latin,KnvZfZ7vAJ6,Latin Christian,KZazBEonSMnZfZ7va1J
365,Latin,KnvZfZ7vAJ6,Latin Contemporary Christian,KZazBEonSMnZfZ7va1E
366,Latin,KnvZfZ7vAJ6,Latin Dance,KZazBEonSMnZfZ7va1I
367,Latin,KnvZfZ7vAJ6,Latin Electronica,KZazBEonSMnZfZ7va1t
368,Latin,KnvZfZ7vAJ6,Latin Folk,KZazBEonSMnZfZ7va1n
369,Latin,KnvZfZ7vAJ6,Latin Freestyle,KZazBEonSMnZfZ7va1l
370,Latin,KnvZfZ7vAJ6,Latin Hip-Hop,KZazBEonSMnZfZ7vaJv
371,Latin,KnvZfZ7vAJ6,Latin Jazz,KZazBEonSMnZfZ7vaJe
372,Latin,KnvZfZ7vAJ6,Latin Soul,KZazBEonSMnZfZ7vaJA
373,Latin,KnvZfZ7vAJ6,Latin Pop,KZazBEonSMnZfZ7vaJd
374,Latin,KnvZfZ7vAJ6,Latin Rock,KZazBEonSMnZfZ7vaJ7
375,Medieval/Renaissance,KnvZfZ7vAvI,Medieval/Renaissance,KZazBEonSMnZfZ7vk61
376,Medieval/Renaissance,KnvZfZ7vAvI,Middle Age,KZazBEonSMnZfZ7vk6J
377,Metal,KnvZfZ7vAvt,Christian Metal,KZazBEonSMnZfZ7vk6I
378,Metal,KnvZfZ7vAvt,Death Metal/Black Metal,KZazBEonSMnZfZ7vk6t
379,Metal,KnvZfZ7vAvt,Doom Metal,KZazBEonSMnZfZ7vk6n
380,Metal,KnvZfZ7vAvt,Funk Metal,KZazBEonSMnZfZ7vk6l
381,Metal,KnvZfZ7vAvt,Goth Metal,KZazBEonSMnZfZ7vkFv
382,Metal,KnvZfZ7vAvt,Hair Metal,KZazBEonSMnZfZ7vkFe
383,Metal,KnvZfZ7vAvt,Heavy Metal,KZazBEonSMnZfZ7vkFd
384,Metal,KnvZfZ7vAvt,Industrial Metal,KZazBEonSMnZfZ7vkF7
385,Metal,KnvZfZ7vAvt,Metal,KZazBEonSMnZfZ7vk6E
386,Metal,KnvZfZ7vAvt,Metalcore,KZazBEonSMnZfZ7vaJk
387,Metal,KnvZfZ7vAvt,Neo-Classical Metal,KZazBEonSMnZfZ7vkFA
388,Metal,KnvZfZ7vAvt,New Wave Of British Heavy Metal,KZazBEonSMnZfZ7vkFk
389,Metal,KnvZfZ7vAvt,Nu-Metal,KZazBEonSMnZfZ7vaJ6
390,Metal,KnvZfZ7vAvt,Pop Metal,KZazBEonSMnZfZ7vkF6
391,Metal,KnvZfZ7vAvt,Power Metal,KZazBEonSMnZfZ7vkFF
392,Metal,KnvZfZ7vAvt,Punk Metal,KZazBEonSMnZfZ7vkFa
393,Metal,KnvZfZ7vAvt,Rap-Metal,KZazBEonSMnZfZ7vkF1
394,Metal,KnvZfZ7vAvt,Scandinavian Metal,KZazBEonSMnZfZ7vkFJ
395,Metal,KnvZfZ7vAvt,Sludge Metal,KZazBEonSMnZfZ7vkFE
396,Metal,KnvZfZ7vAvt,Speed Metal,KZazBEonSMnZfZ7vkFI
397,Metal,KnvZfZ7vAvt,Stoner Metal,KZazBEonSMnZfZ7vkFt
398,Metal,KnvZfZ7vAvt,Symphonic Black Metal,KZazBEonSMnZfZ7vkFn
399,Metal,KnvZfZ7vAvt,Thrash & Speed,KZazBEonSMnZfZ7vkFl
400,New Age,KnvZfZ7vAvn,Adult Alternative,KZazBEonSMnZfZ7vkae
401,New Age,KnvZfZ7vAvn,Ambient,KZazBEonSMnZfZ7vkad
402,New Age,KnvZfZ7vAvn,Celtic,KZazBEonSMnZfZ7vka7
403,New Age,KnvZfZ7vAvn,Celtic New Age,KZazBEonSMnZfZ7vkaA
404,New Age,KnvZfZ7vAvn,Chamber Jazz,KZazBEonSMnZfZ7vkak
405,New Age,KnvZfZ7vAvn,Contemporary Instrumental,KZazBEonSMnZfZ7vka6
406,New Age,KnvZfZ7vAvn,Electro-Acoustic,KZazBEonSMnZfZ7vkaF
407,New Age,KnvZfZ7vAvn,Electronic & Space Music,KZazBEonSMnZfZ7vkaa
408,New Age,KnvZfZ7vAvn,Environmental,KZazBEonSMnZfZ7vka1
409,New Age,KnvZfZ7vAvn,Ethnic Fusion,KZazBEonSMnZfZ7vkaJ
410,New Age,KnvZfZ7vAvn,Healing,KZazBEonSMnZfZ7vkaE
411,New Age,KnvZfZ7vAvn,Meditation,KZazBEonSMnZfZ7vkaI
412,New Age,KnvZfZ7vAvn,Minimalism,KZazBEonSMnZfZ7vkat
413,New Age,KnvZfZ7vAvn,Nature,KZazBEonSMnZfZ7vkan
414,New Age,KnvZfZ7vAvn,Neo-Classical,KZazBEonSMnZfZ7vkal
415,New Age,KnvZfZ7vAvn,New Acoustic,KZazBEonSMnZfZ7vk1v
416,New Age,KnvZfZ7vAvn,New Age,KZazBEonSMnZfZ7vkav
417,New Age,KnvZfZ7vAvn,New Age World Music,KZazBEonSMnZfZ7vk1e
418,New Age,KnvZfZ7vAvn,Progressive Alternative,KZazBEonSMnZfZ7vk1d
419,New Age,KnvZfZ7vAvn,Progressive Electronic,KZazBEonSMnZfZ7vk17
420,New Age,KnvZfZ7vAvn,Relaxation,KZazBEonSMnZfZ7vk1A
421,New Age,KnvZfZ7vAvn,Self-Help,KZazBEonSMnZfZ7vk1k
422,New Age,KnvZfZ7vAvn,Solo Instrumental,KZazBEonSMnZfZ7vk16
423,New Age,KnvZfZ7vAvn,Space,KZazBEonSMnZfZ7vk1F
424,New Age,KnvZfZ7vAvn,Spiritual,KZazBEonSMnZfZ7vk1a
425,New Age,KnvZfZ7vAvn,Techno-Tribal,KZazBEonSMnZfZ7vk11
426,New Age,KnvZfZ7vAvn,World Dance,KZazBEonSMnZfZ7vk1J
427,Other,KnvZfZ7vAvl,Other,KZazBEonSMnZfZ7vk1I
428,Pop,KnvZfZ7vAev,A Cappella,KZazBEonSMnZfZ7vaJF
429,Pop,KnvZfZ7vAev,Adult Alternative Pop,KZazBEonSMnZfZ7vk1n
430,Pop,KnvZfZ7vAev,Adult Contemporary,KZazBEonSMnZfZ7vk1l
431,Pop,KnvZfZ7vAev,African Pop,KZazBEonSMnZfZ7vkJv
432,Pop,KnvZfZ7vAev,Afro-Pop,KZazBEonSMnZfZ7vkJe
433,Pop,KnvZfZ7vAev,Asian Pop,KZazBEonSMnZfZ7vkJd
434,Pop,KnvZfZ7vAev,Banda,KZazBEonSMnZfZ7vkJ7
435,Pop,KnvZfZ7vAev,Bossa Nova,KZazBEonSMnZfZ7vkJA
436,Pop,KnvZfZ7vAev,Brazilian Pop,KZazBEonSMnZfZ7vkJk
437,Pop,KnvZfZ7vAev,Brill Building Pop,KZazBEonSMnZfZ7v6JJ
438,Pop,KnvZfZ7vAev,British Pop,KZazBEonSMnZfZ7vkJ6
439,Pop,KnvZfZ7vAev,Bubblegum & Sunshine Pop,KZazBEonSMnZfZ7vkJF
440,Pop,KnvZfZ7vAev,Canto-Pop,KZazBEonSMnZfZ7vkJa
441,Pop,KnvZfZ7vAev,Celtic Pop,KZazBEonSMnZfZ7vkJ1
442,Pop,KnvZfZ7vAev,Chinese Pop,KZazBEonSMnZfZ7vkJJ
443,Pop,KnvZfZ7vAev,Cuban Pop,KZazBEonSMnZfZ7vkJE
444,Pop,KnvZfZ7vAev,Dance,KZazBEonSMnZfZ7vkJI
445,Pop,KnvZfZ7vAev,Dream Pop,KZazBEonSMnZfZ7vkJt
446,Pop,KnvZfZ7vAev,Euro Pop,KZazBEonSMnZfZ7vkJn
447,Pop,KnvZfZ7vAev,European Pop,KZazBEonSMnZfZ7vkJl
448,Pop,KnvZfZ7vAev,Fado,KZazBEonSMnZfZ7vkEv
449,Pop,KnvZfZ7vAev,French Pop,KZazBEonSMnZfZ7vkEe
450,Pop,KnvZfZ7vAev,French Rock,KZazBEonSMnZfZ7vkEd
451,Pop,KnvZfZ7vAev,Hawaiian Pop,KZazBEonSMnZfZ7vkE7
452,Pop,KnvZfZ7vAev,Hong Kong Pop,KZazBEonSMnZfZ7vkEA
453,Pop,KnvZfZ7vAev,Indie Pop,KZazBEonSMnZfZ7vkEk
454,Pop,KnvZfZ7vAev,International Pop,KZazBEonSMnZfZ7vkE6
455,Pop,KnvZfZ7vAev,Italian Pop,KZazBEonSMnZfZ7vkEF
456,Pop,KnvZfZ7vAev,Japanese Pop,KZazBEonSMnZfZ7vkEa
457,Pop,KnvZfZ7vAev,K-Pop,KZazBEonSMnZfZ7vkE1
458,Pop,KnvZfZ7vAev,Latin Pop,KZazBEonSMnZfZ7vkEJ
459,Pop,KnvZfZ7vAev,Música Popular Brasileira,KZazBEonSMnZfZ7vkEE
460,Pop,KnvZfZ7vAev,New Wave,KZazBEonSMnZfZ7vkEI
461,Pop,KnvZfZ7vAev,Norteno,KZazBEonSMnZfZ7vkEt
462,Pop,KnvZfZ7vAev,Nueva Cancion,KZazBEonSMnZfZ7vkEn
463,Pop,KnvZfZ7vAev,Pop,KZazBEonSMnZfZ7vk1t
464,Pop,KnvZfZ7vAev,Pop Rock,KZazBEonSMnZfZ7vkEl
465,Pop,KnvZfZ7vAev,Pop Vocal,KZazBEonSMnZfZ7vkIv
466,Pop,KnvZfZ7vAev,Power Pop,KZazBEonSMnZfZ7vkIe
467,Pop,KnvZfZ7vAev,Ranchera,KZazBEonSMnZfZ7vkId
468,Pop,KnvZfZ7vAev,Rembetika,KZazBEonSMnZfZ7vkI7
469,Pop,KnvZfZ7vAev,Shibuya-Kei,KZazBEonSMnZfZ7vkIA
470,Pop,KnvZfZ7vAev,Singer-Songwriter,KZazBEonSMnZfZ7vkIk
471,Pop,KnvZfZ7vAev,Sunshine Pop,KZazBEonSMnZfZ7vkI6
472,Pop,KnvZfZ7vAev,Swamp Pop,KZazBEonSMnZfZ7vkIF
473,Pop,KnvZfZ7vAev,Synth Pop,KZazBEonSMnZfZ7vkIa
474,Pop,KnvZfZ7vAev,Taiwanese Pop,KZazBEonSMnZfZ7vkI1
475,Pop,KnvZfZ7vAev,Teen Pop,KZazBEonSMnZfZ7vkIJ
476,Pop,KnvZfZ7vAev,Tejano,KZazBEonSMnZfZ7vkIE
477,Pop,KnvZfZ7vAev,Thai Pop,KZazBEonSMnZfZ7vkII
478,R&B,KnvZfZ7vAee,Beach,KZazBEonSMnZfZ7vkIn
479,R&B,KnvZfZ7vAee,Blue-Eyed Soul,KZazBEonSMnZfZ7vkIl
480,R&B,KnvZfZ7vAee,Brown-Eyed Soul,KZazBEonSMnZfZ7vktv
481,R&B,KnvZfZ7vAee,Chicago Soul,KZazBEonSMnZfZ7vkte
482,R&B,KnvZfZ7vAee,Classic R&B,KZazBEonSMnZfZ7vktd
483,R&B,KnvZfZ7vAee,Classic Soul,KZazBEonSMnZfZ7vkt7
484,R&B,KnvZfZ7vAee,Contemporary R&B,KZazBEonSMnZfZ7vktA
485,R&B,KnvZfZ7vAee,Country Soul,KZazBEonSMnZfZ7vktk
486,R&B,KnvZfZ7vAee,Deep Funk,KZazBEonSMnZfZ7vkt6
487,R&B,KnvZfZ7vAee,Deep Funk Revival,KZazBEonSMnZfZ7vktF
488,R&B,KnvZfZ7vAee,Deep Soul,KZazBEonSMnZfZ7vkta
489,R&B,KnvZfZ7vAee,Doo Wop,KZazBEonSMnZfZ7vkt1
490,R&B,KnvZfZ7vAee,Free Funk,KZazBEonSMnZfZ7vktJ
491,R&B,KnvZfZ7vAee,Funk,KZazBEonSMnZfZ7vktE
492,R&B,KnvZfZ7vAee,Hawaiian R&B & Hip-Hop,KZazBEonSMnZfZ7vktI
493,R&B,KnvZfZ7vAee,Jazz Funk,KZazBEonSMnZfZ7vktt
494,R&B,KnvZfZ7vAee,Latin Soul,KZazBEonSMnZfZ7vktn
495,R&B,KnvZfZ7vAee,Memphis Soul,KZazBEonSMnZfZ7vktl
496,R&B,KnvZfZ7vAee,Motown,KZazBEonSMnZfZ7vknv
497,R&B,KnvZfZ7vAee,Neo-Soul,KZazBEonSMnZfZ7vkne
498,R&B,KnvZfZ7vAee,New Jack Swing,KZazBEonSMnZfZ7vknd
499,R&B,KnvZfZ7vAee,New Orleans R&B,KZazBEonSMnZfZ7vkn7
500,R&B,KnvZfZ7vAee,Northern Soul,KZazBEonSMnZfZ7vknA
501,R&B,KnvZfZ7vAee,Philly Soul,KZazBEonSMnZfZ7vknk
502,R&B,KnvZfZ7vAee,Pop-Soul,KZazBEonSMnZfZ7vkn6
503,R&B,KnvZfZ7vAee,Psychedelic Soul,KZazBEonSMnZfZ7vknF
504,R&B,KnvZfZ7vAee,Quiet Storm,KZazBEonSMnZfZ7vkna
505,R&B,KnvZfZ7vAee,R&B,KZazBEonSMnZfZ7vkIt
506,R&B,KnvZfZ7vAee,Retro-Soul,KZazBEonSMnZfZ7vkn1
507,R&B,KnvZfZ7vAee,Smooth Soul,KZazBEonSMnZfZ7vknJ
508,R&B,KnvZfZ7vAee,Soul,KZazBEonSMnZfZ7vknE
509,R&B,KnvZfZ7vAee,Southern Soul,KZazBEonSMnZfZ7vknI
510,R&B,KnvZfZ7vAee,Uptown Soul,KZazBEonSMnZfZ7vknt
511,R&B,KnvZfZ7vAee,Urban Adult Contemporary,KZazBEonSMnZfZ7vknn
512,Reggae,KnvZfZ7vAed,Belair,KZazBEonSMnZfZ7vklv
513,Reggae,KnvZfZ7vAed,Bluebeat,KZazBEonSMnZfZ7vkle
514,Reggae,KnvZfZ7vAed,Cadence,KZazBEonSMnZfZ7vkld
515,Reggae,KnvZfZ7vAed,Calypso,KZazBEonSMnZfZ7vkl7
516,Reggae,KnvZfZ7vAed,Carribbean,KZazBEonSMnZfZ7vklA
517,Reggae,KnvZfZ7vAed,Chouval Bwa,KZazBEonSMnZfZ7vklk
518,Reggae,KnvZfZ7vAed,Classic Ska,KZazBEonSMnZfZ7vkl6
519,Reggae,KnvZfZ7vAed,Contemporary Reggae,KZazBEonSMnZfZ7vklF
520,Reggae,KnvZfZ7vAed,Dancehall Reggae,KZazBEonSMnZfZ7vkl1
521,Reggae,KnvZfZ7vAed,DJ,KZazBEonSMnZfZ7vkla
522,Reggae,KnvZfZ7vAed,Dub,KZazBEonSMnZfZ7vklJ
523,Reggae,KnvZfZ7vAed,Dub Poetry,KZazBEonSMnZfZ7vklE
524,Reggae,KnvZfZ7vAed,Gwo Ka,KZazBEonSMnZfZ7vklI
525,Reggae,KnvZfZ7vAed,Junkanoo,KZazBEonSMnZfZ7vklt
526,Reggae,KnvZfZ7vAed,Lovers Rock,KZazBEonSMnZfZ7vkln
527,Reggae,KnvZfZ7vAed,Mento,KZazBEonSMnZfZ7vkll
528,Reggae,KnvZfZ7vAed,Nyahbinghi,KZazBEonSMnZfZ7v6vv
529,Reggae,KnvZfZ7vAed,Party Soca,KZazBEonSMnZfZ7v6ve
530,Reggae,KnvZfZ7vAed,Political Reggae,KZazBEonSMnZfZ7v6vd
531,Reggae,KnvZfZ7vAed,Ragga,KZazBEonSMnZfZ7v6v7
532,Reggae,KnvZfZ7vAed,Rapso,KZazBEonSMnZfZ7v6vA
533,Reggae,KnvZfZ7vAed,Reggae,KZazBEonSMnZfZ7vknl
534,Reggae,KnvZfZ7vAed,Reggae Gospel,KZazBEonSMnZfZ7v6vk
535,Reggae,KnvZfZ7vAed,Reggae-Pop,KZazBEonSMnZfZ7v6v6
536,Reggae,KnvZfZ7vAed,Rock Steady,KZazBEonSMnZfZ7v6vF
537,Reggae,KnvZfZ7vAed,Roots Reggae,KZazBEonSMnZfZ7v6va
538,Reggae,KnvZfZ7vAed,Smooth Reggae,KZazBEonSMnZfZ7v6v1
539,Reggae,KnvZfZ7vAed,Spouge,KZazBEonSMnZfZ7v6vJ
540,Reggae,KnvZfZ7vAed,Steel Band,KZazBEonSMnZfZ7v6vE
541,Religious,KnvZfZ7vAe7,Alternative Christian,KZazBEonSMnZfZ7v6vt
542,Religious,KnvZfZ7vAe7,Bluegrass-Gospel,KZazBEonSMnZfZ7v6vl
543,Religious,KnvZfZ7vAe7,Blues Gospel,KZazBEonSMnZfZ7v6ev
544,Religious,KnvZfZ7vAe7,Celtic Gospel,KZazBEonSMnZfZ7v6ee
545,Religious,KnvZfZ7vAe7,Christian Metal,KZazBEonSMnZfZ7v6ed
546,Religious,KnvZfZ7vAe7,Christian Rap,KZazBEonSMnZfZ7v6e7
547,Religious,KnvZfZ7vAe7,Christian Rock,KZazBEonSMnZfZ7v6eA
548,Religious,KnvZfZ7vAe7,Contemporary Christian,KZazBEonSMnZfZ7v6ek
549,Religious,KnvZfZ7vAe7,Country Blues,KZazBEonSMnZfZ7v6e6
550,Religious,KnvZfZ7vAe7,Country Gospel,KZazBEonSMnZfZ7v6eF
551,Religious,KnvZfZ7vAe7,Gospel,KZazBEonSMnZfZ7v6ea
552,Religious,KnvZfZ7vAe7,Gospel Choir,KZazBEonSMnZfZ7v6e1
553,Religious,KnvZfZ7vAe7,Hymns,KZazBEonSMnZfZ7v6eJ
554,Religious,KnvZfZ7vAe7,Inspirational,KZazBEonSMnZfZ7v6eE
555,Religious,KnvZfZ7vAe7,Instrumental Gospel,KZazBEonSMnZfZ7v6eI
556,Religious,KnvZfZ7vAe7,Jesus Rock,KZazBEonSMnZfZ7v6et
557,Religious,KnvZfZ7vAe7,Jewish & Yiddish Music,KZazBEonSMnZfZ7v6en
558,Religious,KnvZfZ7vAe7,Jewish Folk,KZazBEonSMnZfZ7v6el
559,Religious,KnvZfZ7vAe7,Latin Christian,KZazBEonSMnZfZ7v6dv
560,Religious,KnvZfZ7vAe7,Latin Contemporary Christian,KZazBEonSMnZfZ7v6de
561,Religious,KnvZfZ7vAe7,Praise & Worship,KZazBEonSMnZfZ7v6dd
562,Religious,KnvZfZ7vAe7,Reggae Gospel,KZazBEonSMnZfZ7v6d7
563,Religious,KnvZfZ7vAe7,Religious,KZazBEonSMnZfZ7v6vI
564,Religious,KnvZfZ7vAe7,Scriptures,KZazBEonSMnZfZ7v6dA
565,Religious,KnvZfZ7vAe7,Southern Gospel,KZazBEonSMnZfZ7v6dk
566,Religious,KnvZfZ7vAe7,Spirituals,KZazBEonSMnZfZ7v6d6
567,Religious,KnvZfZ7vAe7,Traditional,KZazBEonSMnZfZ7v6dF
568,Rock,KnvZfZ7vAeA,Aboriginal Rock,KZazBEonSMnZfZ7v6d1
569,Rock,KnvZfZ7vAeA,Acid Folk,KZazBEonSMnZfZ7v6dJ
570,Rock,KnvZfZ7vAeA,Acid Rock,KZazBEonSMnZfZ7v6dE
571,Rock,KnvZfZ7vAeA,Adult Contemporary,KZazBEonSMnZfZ7v6dI
572,Rock,KnvZfZ7vAeA,Alternative Rock,KZazBEonSMnZfZ7v6dt
573,Rock,KnvZfZ7vAeA,Alternative Roots,KZazBEonSMnZfZ7v6dn
574,Rock,KnvZfZ7vAeA,American Punk,KZazBEonSMnZfZ7v6dl
575,Rock,KnvZfZ7vAeA,Anarchist Punk,KZazBEonSMnZfZ7v67v
576,Rock,KnvZfZ7vAeA,Arena Rock,KZazBEonSMnZfZ7v67e
577,Rock,KnvZfZ7vAeA,Art Rock,KZazBEonSMnZfZ7v67d
578,Rock,KnvZfZ7vAeA,Aussie Rock,KZazBEonSMnZfZ7v677
579,Rock,KnvZfZ7vAeA,Avant-Garde Rock,KZazBEonSMnZfZ7v67A
580,Rock,KnvZfZ7vAeA,Bar Band,KZazBEonSMnZfZ7v67k
581,Rock,KnvZfZ7vAeA,Blues-Rock,KZazBEonSMnZfZ7v676
582,Rock,KnvZfZ7vAeA,Boogie Rock,KZazBEonSMnZfZ7v67F
583,Rock,KnvZfZ7vAeA,British D416,KZazBEonSMnZfZ7v67a
584,Rock,KnvZfZ7vAeA,British Folk-Rock,KZazBEonSMnZfZ7v671
585,Rock,KnvZfZ7vAeA,British Invasion,KZazBEonSMnZfZ7v67J
586,Rock,KnvZfZ7vAeA,British Metal,KZazBEonSMnZfZ7v67E
587,Rock,KnvZfZ7vAeA,British Psychedelia,KZazBEonSMnZfZ7v67I
588,Rock,KnvZfZ7vAeA,British Punk,KZazBEonSMnZfZ7v67t
589,Rock,KnvZfZ7vAeA,Canterbury Scene,KZazBEonSMnZfZ7v67n
590,Rock,KnvZfZ7vAeA,Celebrity,KZazBEonSMnZfZ7v67l
591,Rock,KnvZfZ7vAeA,Celtic Rock,KZazBEonSMnZfZ7v6Av
592,Rock,KnvZfZ7vAeA,Christian Punk,KZazBEonSMnZfZ7v6Ae
593,Rock,KnvZfZ7vAeA,Christian Rock,KZazBEonSMnZfZ7v6Ad
594,Rock,KnvZfZ7vAeA,Classic Rock,KZazBEonSMnZfZ7v6A7
595,Rock,KnvZfZ7vAeA,Death Metal/ Black Metal,KZazBEonSMnZfZ7v6Ak
596,Rock,KnvZfZ7vAeA,Detroit Rock,KZazBEonSMnZfZ7v6A6
597,Rock,KnvZfZ7vAeA,Doo Wop,KZazBEonSMnZfZ7v6AF
598,Rock,KnvZfZ7vAeA,Doom Metal,KZazBEonSMnZfZ7v6Aa
599,Rock,KnvZfZ7vAeA,Early British Rock,KZazBEonSMnZfZ7v6A1
600,Rock,KnvZfZ7vAeA,Early Rock & Roll,KZazBEonSMnZfZ7v6AJ
601,Rock,KnvZfZ7vAeA,Electronic,KZazBEonSMnZfZ7v6AE
602,Rock,KnvZfZ7vAeA,Emo,KZazBEonSMnZfZ7v6AI
603,Rock,KnvZfZ7vAeA,European Pop,KZazBEonSMnZfZ7v6At
604,Rock,KnvZfZ7vAeA,European Rock,KZazBEonSMnZfZ7v6An
605,Rock,KnvZfZ7vAeA,Experimental Rock,KZazBEonSMnZfZ7v6Al
606,Rock,KnvZfZ7vAeA,Folk Rock,KZazBEonSMnZfZ7v6kv
607,Rock,KnvZfZ7vAeA,Frat Rock,KZazBEonSMnZfZ7v6ke
608,Rock,KnvZfZ7vAeA,Freakbeat,KZazBEonSMnZfZ7v6kd
609,Rock,KnvZfZ7vAeA,Funk-Rock,KZazBEonSMnZfZ7v6k7
610,Rock,KnvZfZ7vAeA,Fusion,KZazBEonSMnZfZ7v6kA
611,Rock,KnvZfZ7vAeA,Garage Punk,KZazBEonSMnZfZ7v6kk
612,Rock,KnvZfZ7vAeA,Garage Rock,KZazBEonSMnZfZ7v6k6
613,Rock,KnvZfZ7vAeA,Garage Rock Revival,KZazBEonSMnZfZ7v6kF
614,Rock,KnvZfZ7vAeA,German Rock,KZazBEonSMnZfZ7vaaA
615,Rock,KnvZfZ7vAeA,Girl Group,KZazBEonSMnZfZ7v6ka
616,Rock,KnvZfZ7vAeA,Glam,KZazBEonSMnZfZ7v6k1
617,Rock,KnvZfZ7vAeA,Goth Metal,KZazBEonSMnZfZ7v6kJ
618,Rock,KnvZfZ7vAeA,Grindcore,KZazBEonSMnZfZ7v6kE
619,Rock,KnvZfZ7vAeA,Guitar Gods,KZazBEonSMnZfZ7v6kI
620,Rock,KnvZfZ7vAeA,Guitar Virtuoso,KZazBEonSMnZfZ7v6kt
621,Rock,KnvZfZ7vAeA,Hair Metal,KZazBEonSMnZfZ7v6kn
622,Rock,KnvZfZ7vAeA,Hard Rock,KZazBEonSMnZfZ7v6kl
623,Rock,KnvZfZ7vAeA,Hardcore Punk,KZazBEonSMnZfZ7v66v
624,Rock,KnvZfZ7vAeA,Heartland Rock,KZazBEonSMnZfZ7v66e
625,Rock,KnvZfZ7vAeA,Hot Rod,KZazBEonSMnZfZ7v66d
626,Rock,KnvZfZ7vAeA,Hot Rod Revival,KZazBEonSMnZfZ7v667
627,Rock,KnvZfZ7vAeA,Indie Rock,KZazBEonSMnZfZ7v66A
628,Rock,KnvZfZ7vAeA,Industrial Metal,KZazBEonSMnZfZ7v66k
629,Rock,KnvZfZ7vAeA,Instrumental Rock,KZazBEonSMnZfZ7v666
630,Rock,KnvZfZ7vAeA,Japanese Rock,KZazBEonSMnZfZ7v66F
631,Rock,KnvZfZ7vAeA,Jazz-Rock,KZazBEonSMnZfZ7v66a
632,Rock,KnvZfZ7vAeA,Kraut Rock,KZazBEonSMnZfZ7v661
633,Rock,KnvZfZ7vAeA,L.A. Punk,KZazBEonSMnZfZ7v66J
634,Rock,KnvZfZ7vAeA,Latin Rock,KZazBEonSMnZfZ7v66E
635,Rock,KnvZfZ7vAeA,Merseybeat,KZazBEonSMnZfZ7v66I
636,Rock,KnvZfZ7vAeA,Mod,KZazBEonSMnZfZ7v66t
637,Rock,KnvZfZ7vAeA,Mod Revival,KZazBEonSMnZfZ7v66n
638,Rock,KnvZfZ7vAeA,Neo-Classical Metal,KZazBEonSMnZfZ7v66l
639,Rock,KnvZfZ7vAeA,Neo-Prog,KZazBEonSMnZfZ7v6Fv
640,Rock,KnvZfZ7vAeA,New Romantic,KZazBEonSMnZfZ7v6Fe
641,Rock,KnvZfZ7vAeA,New Wave,KZazBEonSMnZfZ7v6Fd
642,Rock,KnvZfZ7vAeA,New Wave Of British Heavy Metal,KZazBEonSMnZfZ7v6F7
643,Rock,KnvZfZ7vAeA,New York Punk,KZazBEonSMnZfZ7v6FA
644,Rock,KnvZfZ7vAeA,No Wave,KZazBEonSMnZfZ7v6Fk
645,Rock,KnvZfZ7vAeA,Obscuro,KZazBEonSMnZfZ7v6F6
646,Rock,KnvZfZ7vAeA,Oi!,KZazBEonSMnZfZ7v6FF
647,Rock,KnvZfZ7vAeA,Oldies & Classics,KZazBEonSMnZfZ7vavA
648,Rock,KnvZfZ7vAeA,Pop,KZazBEonSMnZfZ7v6F1
649,Rock,KnvZfZ7vAeA,Pop Metal,KZazBEonSMnZfZ7v6FJ
650,Rock,KnvZfZ7vAeA,Pop Punk,KZazBEonSMnZfZ7v6FE
651,Rock,KnvZfZ7vAeA,Post-Hardcore,KZazBEonSMnZfZ7v6Ft
652,Rock,KnvZfZ7vAeA,Post-Punk,KZazBEonSMnZfZ7v6Fn
653,Rock,KnvZfZ7vAeA,Power Metal,KZazBEonSMnZfZ7v6Fl
654,Rock,KnvZfZ7vAeA,Power Pop,KZazBEonSMnZfZ7v6av
655,Rock,KnvZfZ7vAeA,Progressive Metal,KZazBEonSMnZfZ7v6ae
656,Rock,KnvZfZ7vAeA,Progressive Rock,KZazBEonSMnZfZ7v6ad
657,Rock,KnvZfZ7vAeA,Proto-Punk,KZazBEonSMnZfZ7v6a7
658,Rock,KnvZfZ7vAeA,Psychedelic,KZazBEonSMnZfZ7v6aA
659,Rock,KnvZfZ7vAeA,Pub Rock,KZazBEonSMnZfZ7v6ak
660,Rock,KnvZfZ7vAeA,Punk,KZazBEonSMnZfZ7v6a6
661,Rock,KnvZfZ7vAeA,Punk Blues,KZazBEonSMnZfZ7v6aF
662,Rock,KnvZfZ7vAeA,Punk Metal,KZazBEonSMnZfZ7v6aa
663,Rock,KnvZfZ7vAeA,Punk Revival,KZazBEonSMnZfZ7v6a1
664,Rock,KnvZfZ7vAeA,Rap-Metal,KZazBEonSMnZfZ7v6aE
665,Rock,KnvZfZ7vAeA,Rap-Rock,KZazBEonSMnZfZ7v6aJ
666,Rock,KnvZfZ7vAeA,Retro Rock Revival,KZazBEonSMnZfZ7v6at
667,Rock,KnvZfZ7vAeA,Rock,KZazBEonSMnZfZ7v6da
668,Rock,KnvZfZ7vAeA,Rock & Roll,KZazBEonSMnZfZ7v6an
669,Rock,KnvZfZ7vAeA,Rockabilly,KZazBEonSMnZfZ7v6al
670,Rock,KnvZfZ7vAeA,Rockabilly Revival,KZazBEonSMnZfZ7v61v
671,Rock,KnvZfZ7vAeA,Roots Rock,KZazBEonSMnZfZ7v61e
672,Rock,KnvZfZ7vAeA,Scandinavian Metal,KZazBEonSMnZfZ7v61d
673,Rock,KnvZfZ7vAeA,Screamo,KZazBEonSMnZfZ7v617
674,Rock,KnvZfZ7vAeA,Shred,KZazBEonSMnZfZ7v61A
675,Rock,KnvZfZ7vAeA,Ska Revival,KZazBEonSMnZfZ7v61k
676,Rock,KnvZfZ7vAeA,Skiffle,KZazBEonSMnZfZ7v616
677,Rock,KnvZfZ7vAeA,Sludge Metal,KZazBEonSMnZfZ7v61F
678,Rock,KnvZfZ7vAeA,Soft Rock,KZazBEonSMnZfZ7v61a
679,Rock,KnvZfZ7vAeA,Sophisti-Pop,KZazBEonSMnZfZ7v611
680,Rock,KnvZfZ7vAeA,Southern Rock,KZazBEonSMnZfZ7v61J
681,Rock,KnvZfZ7vAeA,Stoner Metal,KZazBEonSMnZfZ7v61E
682,Rock,KnvZfZ7vAeA,Straight-Edge,KZazBEonSMnZfZ7v61I
683,Rock,KnvZfZ7vAeA,Surf,KZazBEonSMnZfZ7v61t
684,Rock,KnvZfZ7vAeA,Surf Guitar,KZazBEonSMnZfZ7v61n
685,Rock,KnvZfZ7vAeA,Surf Revival,KZazBEonSMnZfZ7v61l
686,Rock,KnvZfZ7vAeA,Surf Rock,KZazBEonSMnZfZ7v6Jv
687,Rock,KnvZfZ7vAeA,Swedish Rock,KZazBEonSMnZfZ7v6Je
688,Rock,KnvZfZ7vAeA,Symphonic Black Metal,KZazBEonSMnZfZ7v6Jd
689,Rock,KnvZfZ7vAeA,Teen Idol,KZazBEonSMnZfZ7v6J7
690,Rock,KnvZfZ7vAeA,Tex-Mex,KZazBEonSMnZfZ7v6JA
691,Rock,KnvZfZ7vAeA,Thrash & Speed Metal,KZazBEonSMnZfZ7v6Jk
692,Rock,KnvZfZ7vAeA,Traditional Folk,KZazBEonSMnZfZ7v6J6
693,Rock,KnvZfZ7vAeA,World Rock,KZazBEonSMnZfZ7v6JF
694,Rock,KnvZfZ7vAeA,Worldbeat,KZazBEonSMnZfZ7v6Ja
695,Undefined,KnvZfZ7vAe6,Undefined,KZazBEonSMnZfZ7v6JI
696,World,KnvZfZ7vAeF,Aborginal Folk,KZazBEonSMnZfZ7v6Jn
697,World,KnvZfZ7vAeF,Afghanistan,KZazBEonSMnZfZ7v6Jl
698,World,KnvZfZ7vAeF,African,KZazBEonSMnZfZ7v6Ev
699,World,KnvZfZ7vAeF,African Folk,KZazBEonSMnZfZ7v6Ee
700,World,KnvZfZ7vAeF,African Jazz,KZazBEonSMnZfZ7v6Ed
701,World,KnvZfZ7vAeF,Afro Brazilian,KZazBEonSMnZfZ7v6E7
702,World,KnvZfZ7vAeF,Afro Peruvian,KZazBEonSMnZfZ7v6EA
703,World,KnvZfZ7vAeF,Afro-Beat,KZazBEonSMnZfZ7v6Ek
704,World,KnvZfZ7vAeF,Afro-Cuban,KZazBEonSMnZfZ7v6E6
705,World,KnvZfZ7vAeF,Afro-Cuban Jazz,KZazBEonSMnZfZ7v6EF
706,World,KnvZfZ7vAeF,Algeria,KZazBEonSMnZfZ7v6Ea
707,World,KnvZfZ7vAeF,Andalus Classical,KZazBEonSMnZfZ7v6E1
708,World,KnvZfZ7vAeF,Andes,KZazBEonSMnZfZ7v6EJ
709,World,KnvZfZ7vAeF,Appalachian,KZazBEonSMnZfZ7v6EE
710,World,KnvZfZ7vAeF,Arabic,KZazBEonSMnZfZ7v6EI
711,World,KnvZfZ7vAeF,Argentina,KZazBEonSMnZfZ7v6Et
712,World,KnvZfZ7vAeF,Armenian,KZazBEonSMnZfZ7v6En
713,World,KnvZfZ7vAeF,Asia,KZazBEonSMnZfZ7v6El
714,World,KnvZfZ7vAeF,Asian Pop,KZazBEonSMnZfZ7v6Iv
715,World,KnvZfZ7vAeF,Australasia,KZazBEonSMnZfZ7v6Ie
716,World,KnvZfZ7vAeF,Bachata,KZazBEonSMnZfZ7v6Id
717,World,KnvZfZ7vAeF,Bahamas,KZazBEonSMnZfZ7v6I7
718,World,KnvZfZ7vAeF,Beguine,KZazBEonSMnZfZ7v6IA
719,World,KnvZfZ7vAeF,Beguine Moderne,KZazBEonSMnZfZ7v6Ik
720,World,KnvZfZ7vAeF,Belly Dancing,KZazBEonSMnZfZ7v6I6
721,World,KnvZfZ7vAeF,Benin,KZazBEonSMnZfZ7v6IF
722,World,KnvZfZ7vAeF,Bhangra,KZazBEonSMnZfZ7v6Ia
723,World,KnvZfZ7vAeF,Bhutan,KZazBEonSMnZfZ7v6I1
724,World,KnvZfZ7vAeF,Big Band Latino,KZazBEonSMnZfZ7v6IJ
725,World,KnvZfZ7vAeF,Bikutsi,KZazBEonSMnZfZ7v6IE
726,World,KnvZfZ7vAeF,Bolero,KZazBEonSMnZfZ7v6II
727,World,KnvZfZ7vAeF,Bolivia,KZazBEonSMnZfZ7v6It
728,World,KnvZfZ7vAeF,Bollywood,KZazBEonSMnZfZ7v6In
729,World,KnvZfZ7vAeF,Boogaloo,KZazBEonSMnZfZ7v6Il
730,World,KnvZfZ7vAeF,Botswana,KZazBEonSMnZfZ7v6tv
731,World,KnvZfZ7vAeF,Brazil,KZazBEonSMnZfZ7v6te
732,World,KnvZfZ7vAeF,Brazilian Folk And Dance,KZazBEonSMnZfZ7v6td
733,World,KnvZfZ7vAeF,Brazilian Jazz,KZazBEonSMnZfZ7v6t7
734,World,KnvZfZ7vAeF,British Punk,KZazBEonSMnZfZ7v6tA
735,World,KnvZfZ7vAeF,Burundi,KZazBEonSMnZfZ7v6tk
736,World,KnvZfZ7vAeF,Cambodia,KZazBEonSMnZfZ7v6t6
737,World,KnvZfZ7vAeF,Cameroon,KZazBEonSMnZfZ7v6tF
738,World,KnvZfZ7vAeF,Cape Verde,KZazBEonSMnZfZ7v6ta
739,World,KnvZfZ7vAeF,Carnatic,KZazBEonSMnZfZ7v6t1
740,World,KnvZfZ7vAeF,Celtic Pop,KZazBEonSMnZfZ7v6tJ
741,World,KnvZfZ7vAeF,Celtic/ British Isles,KZazBEonSMnZfZ7v6tE
742,World,KnvZfZ7vAeF,Central Europe,KZazBEonSMnZfZ7v6tI
743,World,KnvZfZ7vAeF,Cha-Cha,KZazBEonSMnZfZ7v6tt
744,World,KnvZfZ7vAeF,Chant,KZazBEonSMnZfZ7v6tn
745,World,KnvZfZ7vAeF,Chassidic,KZazBEonSMnZfZ7v6tl
746,World,KnvZfZ7vAeF,Chile,KZazBEonSMnZfZ7v6nv
747,World,KnvZfZ7vAeF,Chimurenga,KZazBEonSMnZfZ7v6ne
748,World,KnvZfZ7vAeF,China,KZazBEonSMnZfZ7v6nd
749,World,KnvZfZ7vAeF,Christmas,KZazBEonSMnZfZ7v6n7
750,World,KnvZfZ7vAeF,Colombia,KZazBEonSMnZfZ7v6nA
751,World,KnvZfZ7vAeF,Compas,KZazBEonSMnZfZ7v6nk
752,World,KnvZfZ7vAeF,Conjunto,KZazBEonSMnZfZ7v6n6
753,World,KnvZfZ7vAeF,Contemporary Celtic,KZazBEonSMnZfZ7v6nF
754,World,KnvZfZ7vAeF,Contemporary Flamenco,KZazBEonSMnZfZ7v6na
755,World,KnvZfZ7vAeF,Continental Europe,KZazBEonSMnZfZ7v6n1
756,World,KnvZfZ7vAeF,Corrido,KZazBEonSMnZfZ7v6nJ
757,World,KnvZfZ7vAeF,Costa Rica,KZazBEonSMnZfZ7v6nE
758,World,KnvZfZ7vAeF,Cuban,KZazBEonSMnZfZ7v6nI
759,World,KnvZfZ7vAeF,Cuban Big Band,KZazBEonSMnZfZ7v6nt
760,World,KnvZfZ7vAeF,Cuban Calypso,KZazBEonSMnZfZ7v6nn
761,World,KnvZfZ7vAeF,Cuban Charanga,KZazBEonSMnZfZ7v6nl
762,World,KnvZfZ7vAeF,Cuban Jazz,KZazBEonSMnZfZ7v6lv
763,World,KnvZfZ7vAeF,Cuban Rhumba,KZazBEonSMnZfZ7v6le
764,World,KnvZfZ7vAeF,Cumbia,KZazBEonSMnZfZ7v6ld
765,World,KnvZfZ7vAeF,Danzon,KZazBEonSMnZfZ7v6l7
766,World,KnvZfZ7vAeF,Dhrupad,KZazBEonSMnZfZ7v6lA
767,World,KnvZfZ7vAeF,Djabdong,KZazBEonSMnZfZ7v6lk
768,World,KnvZfZ7vAeF,Dominican Republic,KZazBEonSMnZfZ7v6l6
769,World,KnvZfZ7vAeF,Drinking Songs,KZazBEonSMnZfZ7v6lF
770,World,KnvZfZ7vAeF,Eastern Europe,KZazBEonSMnZfZ7v6la
771,World,KnvZfZ7vAeF,Egypt,KZazBEonSMnZfZ7v6l1
772,World,KnvZfZ7vAeF,Ethiopia,KZazBEonSMnZfZ7v6lJ
773,World,KnvZfZ7vAeF,Euro-Rock,KZazBEonSMnZfZ7v6lE
774,World,KnvZfZ7vAeF,Europe,KZazBEonSMnZfZ7v6lI
775,World,KnvZfZ7vAeF,European Jazz,KZazBEonSMnZfZ7v6lt
776,World,KnvZfZ7vAeF,Flamenco,KZazBEonSMnZfZ7v6ln
777,World,KnvZfZ7vAeF,Forro,KZazBEonSMnZfZ7v6ll
778,World,KnvZfZ7vAeF,French Pop,KZazBEonSMnZfZ7vFvv
779,World,KnvZfZ7vAeF,French Rock,KZazBEonSMnZfZ7vFve
780,World,KnvZfZ7vAeF,Fuji,KZazBEonSMnZfZ7vFvd
781,World,KnvZfZ7vAeF,Fusion,KZazBEonSMnZfZ7vFv7
782,World,KnvZfZ7vAeF,Gabon,KZazBEonSMnZfZ7vFvA
783,World,KnvZfZ7vAeF,Georgian Choir,KZazBEonSMnZfZ7vFvk
784,World,KnvZfZ7vAeF,Ghana,KZazBEonSMnZfZ7vFv6
785,World,KnvZfZ7vAeF,Guaguancó,KZazBEonSMnZfZ7vFvF
786,World,KnvZfZ7vAeF,Guinea,KZazBEonSMnZfZ7vFva
787,World,KnvZfZ7vAeF,Gypsy,KZazBEonSMnZfZ7vFv1
788,World,KnvZfZ7vAeF,Haiti,KZazBEonSMnZfZ7vFvJ
789,World,KnvZfZ7vAeF,Hapa-Haole,KZazBEonSMnZfZ7vFvE
790,World,KnvZfZ7vAeF,Hawaiian,KZazBEonSMnZfZ7vFvI
791,World,KnvZfZ7vAeF,Hawaiian Pop,KZazBEonSMnZfZ7vFvt
792,World,KnvZfZ7vAeF,Hawaiian R&B & Hip-Hop,KZazBEonSMnZfZ7vFvn
793,World,KnvZfZ7vAeF,Hebrew,KZazBEonSMnZfZ7vFvl
794,World,KnvZfZ7vAeF,Highlife,KZazBEonSMnZfZ7vFev
795,World,KnvZfZ7vAeF,Hula,KZazBEonSMnZfZ7vFee
796,World,KnvZfZ7vAeF,India & Pakistan,KZazBEonSMnZfZ7vFed
797,World,KnvZfZ7vAeF,Indian Classical,KZazBEonSMnZfZ7vFe7
798,World,KnvZfZ7vAeF,Indian Pop,KZazBEonSMnZfZ7vFeA
799,World,KnvZfZ7vAeF,Indonesia,KZazBEonSMnZfZ7vFek
800,World,KnvZfZ7vAeF,Iran,KZazBEonSMnZfZ7vFe6
801,World,KnvZfZ7vAeF,Iraq,KZazBEonSMnZfZ7vFeF
802,World,KnvZfZ7vAeF,Islamic,KZazBEonSMnZfZ7vFea
803,World,KnvZfZ7vAeF,Israel,KZazBEonSMnZfZ7vFe1
804,World,KnvZfZ7vAeF,Italian Pop,KZazBEonSMnZfZ7vFeJ
805,World,KnvZfZ7vAeF,Ivory Coast,KZazBEonSMnZfZ7vFeE
806,World,KnvZfZ7vAeF,Jamaica,KZazBEonSMnZfZ7vFeI
807,World,KnvZfZ7vAeF,Japan,KZazBEonSMnZfZ7vFet
808,World,KnvZfZ7vAeF,Japanese Pop,KZazBEonSMnZfZ7vFen
809,World,KnvZfZ7vAeF,Japanese Rock,KZazBEonSMnZfZ7vFel
810,World,KnvZfZ7vAeF,Jibaro,KZazBEonSMnZfZ7vFdv
811,World,KnvZfZ7vAeF,Jit,KZazBEonSMnZfZ7vFde
812,World,KnvZfZ7vAeF,Juju,KZazBEonSMnZfZ7vFdd
813,World,KnvZfZ7vAeF,Kenya,KZazBEonSMnZfZ7vFd7
814,World,KnvZfZ7vAeF,Klezmer,KZazBEonSMnZfZ7vFdA
815,World,KnvZfZ7vAeF,Kora,KZazBEonSMnZfZ7vFdk
816,World,KnvZfZ7vAeF,Korea,KZazBEonSMnZfZ7vFd6
817,World,KnvZfZ7vAeF,Laika,KZazBEonSMnZfZ7vFdF
818,World,KnvZfZ7vAeF,Lambada,KZazBEonSMnZfZ7vFda
819,World,KnvZfZ7vAeF,Laos,KZazBEonSMnZfZ7vFd1
820,World,KnvZfZ7vAeF,Latin,KZazBEonSMnZfZ7vFdJ
821,World,KnvZfZ7vAeF,Latin Children's,KZazBEonSMnZfZ7vFdE
822,World,KnvZfZ7vAeF,Latin Christian,KZazBEonSMnZfZ7vFdI
823,World,KnvZfZ7vAeF,Latin Contemporary Christian,KZazBEonSMnZfZ7vFdt
824,World,KnvZfZ7vAeF,Latin Dance,KZazBEonSMnZfZ7vFdn
825,World,KnvZfZ7vAeF,Latin Electronica,KZazBEonSMnZfZ7vFdl
826,World,KnvZfZ7vAeF,Latin Folk,KZazBEonSMnZfZ7vF7v
827,World,KnvZfZ7vAeF,Latin Freestyle,KZazBEonSMnZfZ7vF7e
828,World,KnvZfZ7vAeF,Latin Hip-hop,KZazBEonSMnZfZ7vF7d
829,World,KnvZfZ7vAeF,Latin Jazz,KZazBEonSMnZfZ7vF77
830,World,KnvZfZ7vAeF,Latin Pop,KZazBEonSMnZfZ7vF7k
831,World,KnvZfZ7vAeF,Latin Rock,KZazBEonSMnZfZ7vF76
832,World,KnvZfZ7vAeF,Latin Soul,KZazBEonSMnZfZ7vF7F
833,World,KnvZfZ7vAeF,Lebanon,KZazBEonSMnZfZ7vF7a
834,World,KnvZfZ7vAeF,Madagascar,KZazBEonSMnZfZ7vF71
835,World,KnvZfZ7vAeF,Makossa,KZazBEonSMnZfZ7vF7J
836,World,KnvZfZ7vAeF,Mali,KZazBEonSMnZfZ7vF7E
837,World,KnvZfZ7vAeF,Mambo,KZazBEonSMnZfZ7vF7I
838,World,KnvZfZ7vAeF,Mantras,KZazBEonSMnZfZ7vF7t
839,World,KnvZfZ7vAeF,Marabi,KZazBEonSMnZfZ7vF7n
840,World,KnvZfZ7vAeF,Mariachi,KZazBEonSMnZfZ7vF7l
841,World,KnvZfZ7vAeF,Mbalax,KZazBEonSMnZfZ7vFAv
842,World,KnvZfZ7vAeF,Mbaqanga,KZazBEonSMnZfZ7vFAe
843,World,KnvZfZ7vAeF,Mbira,KZazBEonSMnZfZ7vFAd
844,World,KnvZfZ7vAeF,Mbube,KZazBEonSMnZfZ7vFA7
845,World,KnvZfZ7vAeF,Mediterranean,KZazBEonSMnZfZ7vFAA
846,World,KnvZfZ7vAeF,Merengue,KZazBEonSMnZfZ7vFAk
847,World,KnvZfZ7vAeF,Merenhouse,KZazBEonSMnZfZ7vFA6
848,World,KnvZfZ7vAeF,Mexican Banda,KZazBEonSMnZfZ7vFAF
849,World,KnvZfZ7vAeF,Mexican Cumbia,KZazBEonSMnZfZ7vFAa
850,World,KnvZfZ7vAeF,Mexican Duranguense,KZazBEonSMnZfZ7vFA1
851,World,KnvZfZ7vAeF,Mexican Folk,KZazBEonSMnZfZ7vFAJ
852,World,KnvZfZ7vAeF,Mexican Grupero,KZazBEonSMnZfZ7vFAE
853,World,KnvZfZ7vAeF,Mexican Ranchera,KZazBEonSMnZfZ7vFAI
854,World,KnvZfZ7vAeF,Mexican Sierreno,KZazBEonSMnZfZ7vFAt
855,World,KnvZfZ7vAeF,Middle East,KZazBEonSMnZfZ7vFAn
856,World,KnvZfZ7vAeF,Mini Jazz,KZazBEonSMnZfZ7vFAl
857,World,KnvZfZ7vAeF,Morocco,KZazBEonSMnZfZ7vFkv
858,World,KnvZfZ7vAeF,Musette,KZazBEonSMnZfZ7vFke
859,World,KnvZfZ7vAeF,Native American,KZazBEonSMnZfZ7vFkd
860,World,KnvZfZ7vAeF,New Age,KZazBEonSMnZfZ7vFk7
861,World,KnvZfZ7vAeF,New York Salsa,KZazBEonSMnZfZ7vFkA
862,World,KnvZfZ7vAeF,Nicaragua,KZazBEonSMnZfZ7vFkk
863,World,KnvZfZ7vAeF,Nigeria,KZazBEonSMnZfZ7vFk6
864,World,KnvZfZ7vAeF,North America,KZazBEonSMnZfZ7vFkF
865,World,KnvZfZ7vAeF,Nueva Trova,KZazBEonSMnZfZ7vFka
866,World,KnvZfZ7vAeF,Omutibo,KZazBEonSMnZfZ7vFk1
867,World,KnvZfZ7vAeF,Onda Grupera,KZazBEonSMnZfZ7vFkJ
868,World,KnvZfZ7vAeF,Pachanga,KZazBEonSMnZfZ7vFkE
869,World,KnvZfZ7vAeF,Pakistan,KZazBEonSMnZfZ7vFkI
870,World,KnvZfZ7vAeF,Panama,KZazBEonSMnZfZ7vFkt
871,World,KnvZfZ7vAeF,Peru,KZazBEonSMnZfZ7vFkn
872,World,KnvZfZ7vAeF,Pipe Bands,KZazBEonSMnZfZ7vFkl
873,World,KnvZfZ7vAeF,Plena,KZazBEonSMnZfZ7vF6v
874,World,KnvZfZ7vAeF,Polynesian Music,KZazBEonSMnZfZ7vF6e
875,World,KnvZfZ7vAeF,Puerto Rico,KZazBEonSMnZfZ7vF6d
876,World,KnvZfZ7vAeF,Pygmy,KZazBEonSMnZfZ7vF67
877,World,KnvZfZ7vAeF,Qawwali,KZazBEonSMnZfZ7vF6A
878,World,KnvZfZ7vAeF,Raga,KZazBEonSMnZfZ7vF6k
879,World,KnvZfZ7vAeF,Rai,KZazBEonSMnZfZ7vF66
880,World,KnvZfZ7vAeF,Rock en Español,KZazBEonSMnZfZ7vF6F
881,World,KnvZfZ7vAeF,Russia,KZazBEonSMnZfZ7vF6a
882,World,KnvZfZ7vAeF,Salsa,KZazBEonSMnZfZ7vF61
883,World,KnvZfZ7vAeF,Samba,KZazBEonSMnZfZ7vF6J
884,World,KnvZfZ7vAeF,Scandinavia,KZazBEonSMnZfZ7vF6E
885,World,KnvZfZ7vAeF,Scandinavian Joik,KZazBEonSMnZfZ7vF6I
886,World,KnvZfZ7vAeF,Senegal & Gambia,KZazBEonSMnZfZ7vF6t
887,World,KnvZfZ7vAeF,Slack Key Guitar,KZazBEonSMnZfZ7vF6n
888,World,KnvZfZ7vAeF,Soca,KZazBEonSMnZfZ7vF6l
889,World,KnvZfZ7vAeF,Son,KZazBEonSMnZfZ7vFFv
890,World,KnvZfZ7vAeF,Sonero,KZazBEonSMnZfZ7vFFe
891,World,KnvZfZ7vAeF,Soukous,KZazBEonSMnZfZ7vFFd
892,World,KnvZfZ7vAeF,South Africa,KZazBEonSMnZfZ7vFF7
893,World,KnvZfZ7vAeF,South Pacific,KZazBEonSMnZfZ7vFFA
894,World,KnvZfZ7vAeF,Sudan,KZazBEonSMnZfZ7vFFk
895,World,KnvZfZ7vAeF,Swedish Folk,KZazBEonSMnZfZ7vFF6
896,World,KnvZfZ7vAeF,Swedish Pop/Rock,KZazBEonSMnZfZ7vFFF
897,World,KnvZfZ7vAeF,Syria,KZazBEonSMnZfZ7vFFa
898,World,KnvZfZ7vAeF,Taarab,KZazBEonSMnZfZ7vFF1
899,World,KnvZfZ7vAeF,Tahiti,KZazBEonSMnZfZ7vFFJ
900,World,KnvZfZ7vAeF,Taiwan,KZazBEonSMnZfZ7vFFE
901,World,KnvZfZ7vAeF,Tango,KZazBEonSMnZfZ7vFFI
902,World,KnvZfZ7vAeF,Tanzania,KZazBEonSMnZfZ7vFFt
903,World,KnvZfZ7vAeF,Thailand,KZazBEonSMnZfZ7vFFn
904,World,KnvZfZ7vAeF,Throat Singing,KZazBEonSMnZfZ7vFFl
905,World,KnvZfZ7vAeF,Tibet,KZazBEonSMnZfZ7vFav
906,World,KnvZfZ7vAeF,Township Jazz,KZazBEonSMnZfZ7vFae
907,World,KnvZfZ7vAeF,Traditional Celtic,KZazBEonSMnZfZ7vFad
908,World,KnvZfZ7vAeF,Traditional Middle Eastern Folk,KZazBEonSMnZfZ7vFa7
909,World,KnvZfZ7vAeF,Trinidad,KZazBEonSMnZfZ7vFaA
910,World,KnvZfZ7vAeF,Trova,KZazBEonSMnZfZ7vFak
911,World,KnvZfZ7vAeF,Turkey,KZazBEonSMnZfZ7vFa6
912,World,KnvZfZ7vAeF,Uganda,KZazBEonSMnZfZ7vFaF
913,World,KnvZfZ7vAeF,Ukelele,KZazBEonSMnZfZ7vFaa
914,World,KnvZfZ7vAeF,Uruguay,KZazBEonSMnZfZ7vFa1
915,World,KnvZfZ7vAeF,Vallenato,KZazBEonSMnZfZ7vFaJ
916,World,KnvZfZ7vAeF,Venezuela,KZazBEonSMnZfZ7vFaE
917,World,KnvZfZ7vAeF,Vietnam,KZazBEonSMnZfZ7vFaI
918,World,KnvZfZ7vAeF,Western Europe,KZazBEonSMnZfZ7vFat
919,World,KnvZfZ7vAeF,World,KZazBEonSMnZfZ7v6Jt
920,World,KnvZfZ7vAeF,Worldbeat,KZazBEonSMnZfZ7vFan
921,World,KnvZfZ7vAeF,Zaire & Congo,KZazBEonSMnZfZ7vFal
922,World,KnvZfZ7vAeF,Zimbabwe,KZazBEonSMnZfZ7vF1v
923,World,KnvZfZ7vAeF,Zouk,KZazBEonSMnZfZ7vF1e
924,World,KnvZfZ7vAeF,Polka,KZazBEonSMnZfZ7vaEd
